ID Obra,Ano Início Obra,Data Início,Ano Fim Obra,Data Fim,UF,Município,Latitude,Longitude,Execução Física,Execução Financeira,Investimento Total,Modalidade,Tipo de Instrumento,Tipo,Subtipo,CNPJ Executor,Funcional Programática,Emenda,Plurianual Prioritário,PróBrasil,Restos a Pagar,Valor Conclusão,Valor Empenhado,Valor Repasse,Valor Desembolsado,Motivo Paralisação,Causa Paralisação,Justificativa Tratativa,Data Previsão Retomada,Data Criação,Data Atualização
710079,2009,2009-12-09 00:00:00,2012,2012-10-09 00:00:00,CE,JATI/CE,-7.689434,-39.006074,-,-,301500.0,-,-,-,-,-,-,-,-,-,-,0,0,0,0.0,-,-,-,-,-,-
710096,2009,2010-01-04 00:00:00,2018,2018-04-24 00:00:00,CE,PACOTI/CE,-4.225356,-38.920835,-,0.4510298979895639,254061.53,-,-,-,-,-,-,-,-,-,-,0,0,0,122925.0,-,-,-,-,-,-
710156,2009,2009-12-28 00:00:00,2012,2012-02-28 00:00:00,CE,CAMOCIM/CE,-2.900992,-40.842739,-,-,153150.0,-,-,-,-,-,-,-,-,-,-,0,0,0,0.0,-,-,-,-,-,-
710549,2010,2010-05-04 00:00:00,2012,2012-07-04 00:00:00,CE,RUSSAS/CE,-4.935428,-37.978384,-,-,147166.03,-,-,-,-,-,-,-,-,-,-,0,0,0,0.0,-,-,-,-,-,-
710727,2009,2009-12-22 00:00:00,2012,2012-07-22 00:00:00,CE,JAGUARETAMA/CE,-5.609242,-38.763008,-,-,301500.0,-,-,-,-,-,-,-,-,-,-,0,0,0,0.0,-,-,-,-,-,-
711492,2010,2010-07-14 00:00:00,2013,2013-03-14 00:00:00,CE,ITAPIUNA/CE,-4.565419,-38.921154,-,-,301500.0,-,-,-,-,-,-,-,-,-,-,0,0,0,0.0,-,-,-,-,-,-
715566,2010,2010-04-20 00:00:00,2013,2013-04-30 00:00:00,CE,IBICUITINGA/CE,-4.975176,-38.636875,-,-,154297.0,-,-,-,-,-,-,-,-,-,-,0,0,0,0.0,-,-,-,-,-,-
721277,2009,2009-12-31 00:00:00,2017,2017-07-23 00:00:00,CE,PACOTI/CE,-4.225356,-38.920835,-,0.616781256244216,309868.4,-,-,-,-,-,-,-,-,-,-,0,0,0,236239.54,-,-,-,-,-,-
722451,2009,2009-12-30 00:00:00,2012,2012-02-28 00:00:00,CE,CANINDE/CE,-4.354795,-39.310852,-,-,103200.0,-,-,-,-,-,-,-,-,-,-,0,0,0,0.0,-,-,-,-,-,-
723546,2009,2009-12-31 00:00:00,2011,2011-12-31 00:00:00,CE,VARZEA ALEGRE/CE,-6.793609,-39.298933,-,-,200500.0,-,-,-,-,-,-,-,-,-,-,0,0,0,0.0,-,-,-,-,-,-
725493,2009,2009-12-30 00:00:00,2011,2011-12-30 00:00:00,CE,CARIRE/CE,-3.948584,-40.476028,-,-,198257.64,-,-,-,-,-,-,-,-,-,-,0,0,0,0.0,-,-,-,-,-,-
727494,2009,2009-12-31 00:00:00,2018,2018-06-18 00:00:00,CE,ITAREMA/CE,-2.922468,-39.915218,-,0.9607729891085931,1014186.9,-,-,-,-,-,-,-,-,-,-,0,0,0,645989.2,-,-,-,-,-,-
729238,2009,2009-12-31 00:00:00,2018,2018-07-23 00:00:00,CE,PACOTI/CE,-4.225356,-38.920835,-,0.8103502398368416,316275.19,-,-,-,-,-,-,-,-,-,-,0,0,0,240000.0,-,-,-,-,-,-
732962,2010,2010-06-17 00:00:00,2012,2012-12-31 00:00:00,CE,MORRINHOS/CE,-3.227575,-40.128078,-,-,1512350.0,-,-,-,-,-,-,-,-,-,-,0,0,0,0.0,-,-,-,-,-,-
733509,2010,2010-06-10 00:00:00,2011,2011-06-10 00:00:00,CE,MARANGUAPE/CE,-3.892297,-38.683543,-,-,616666.67,-,-,-,-,-,-,-,-,-,-,0,0,0,0.0,-,-,-,-,-,-
735235,2010,2010-06-09 00:00:00,2011,2011-06-09 00:00:00,CE,SANTANA DO CARIRI/CE,-7.186169,-39.737426,-,-,139900.0,-,-,-,-,-,-,-,-,-,-,0,0,0,0.0,-,-,-,-,-,-
735738,2010,2010-06-17 00:00:00,2011,2011-09-17 00:00:00,CE,OCARA/CE,-4.491065,-38.596483,-,-,200408.16,-,-,-,-,-,-,-,-,-,-,0,0,0,0.0,-,-,-,-,-,-
737080,2010,2010-08-06 00:00:00,2012,2012-12-31 00:00:00,CE,PACOTI/CE,-4.225356,-38.920835,-,-,200408.16,-,-,-,-,-,-,-,-,-,-,0,0,0,0.0,-,-,-,-,-,-
737090,2010,2010-07-23 00:00:00,2013,2013-02-28 00:00:00,CE,ALTANEIRA/CE,-6.998093,-39.738574,-,-,212480.5,-,-,-,-,-,-,-,-,-,-,0,0,0,0.0,-,-,-,-,-,-
737092,2010,2010-06-18 00:00:00,2018,2018-05-24 00:00:00,CE,PARACURU/CE,-3.41436,-39.030028,-,0.6732392548052639,301326.53,-,-,-,-,-,-,-,-,-,-,0,0,0,147649.63,-,-,-,-,-,-
737096,2010,2010-06-30 00:00:00,2012,2012-12-31 00:00:00,CE,PACAJUS/CE,-4.171073,-38.464988,-,-,204583.33,-,-,-,-,-,-,-,-,-,-,0,0,0,0.0,-,-,-,-,-,-
738928,2010,2010-12-24 00:00:00,2012,2012-12-24 00:00:00,CE,FORTALEZA/CE,-3.730451,-38.521799,-,-,206736.84,-,-,-,-,-,-,-,-,-,-,0,0,0,0.0,-,-,-,-,-,-
738993,2010,2010-07-28 00:00:00,2017,2017-07-17 00:00:00,CE,CASCAVEL/CE,-4.129666,-38.241178,-,0.6653455447930571,513645.83,-,-,-,-,-,-,-,-,-,-,0,0,0,493100.0,-,-,-,-,-,-
739008,2010,2010-12-30 00:00:00,2013,2013-06-30 00:00:00,CE,BANABUIU/CE,-5.304151,-38.919772,-,-,200409.0,-,-,-,-,-,-,-,-,-,-,0,0,0,0.0,-,-,-,-,-,-
739684,2010,2010-07-14 00:00:00,2013,2013-03-14 00:00:00,CE,CRATEUS/CE,-5.178245,-40.669655,-,-,632332.68,-,-,-,-,-,-,-,-,-,-,0,0,0,0.0,-,-,-,-,-,-
739887,2010,2010-11-24 00:00:00,2012,2012-08-24 00:00:00,CE,MARACANAU/CE,-3.877944,-38.62477,-,-,1061385.14,-,-,-,-,-,-,-,-,-,-,0,0,0,0.0,-,-,-,-,-,-
740098,2010,2010-12-23 00:00:00,2026,2026-01-16 00:00:00,CE,CARIRE/CE,-3.948584,-40.476028,-,-,1530612.2,-,-,-,-,-,-,-,-,-,-,0,0,0,0.0,-,-,-,-,-,-
743035,2010,2010-11-11 00:00:00,2024,2024-09-30 00:00:00,CE,COREAU/CE,-3.551979,-40.652841,-,1,1025000.0,-,-,-,-,-,-,-,-,-,-,0,0,0,863900.0,-,-,-,-,-,-
743053,2010,2010-08-10 00:00:00,2013,2013-04-10 00:00:00,CE,CATUNDA/CE,-4.649422,-40.20026,-,-,530000.0,-,-,-,-,-,-,-,-,-,-,0,0,0,0.0,-,-,-,-,-,-
743059,2010,2010-11-12 00:00:00,2012,2012-09-12 00:00:00,CE,GUARAMIRANGA/CE,-4.261578,-38.934011,-,-,530000.0,-,-,-,-,-,-,-,-,-,-,0,0,0,0.0,-,-,-,-,-,-
744932,2010,2010-07-12 00:00:00,2012,2012-12-31 00:00:00,CE,URUBURETAMA/CE,-3.62353,-39.50507,-,-,139857.14,-,-,-,-,-,-,-,-,-,-,0,0,0,0.0,-,-,-,-,-,-
745671,2010,2010-11-17 00:00:00,2012,2012-07-17 00:00:00,CE,CARIUS/CE,-6.534869,-39.496666,-,-,103200.0,-,-,-,-,-,-,-,-,-,-,0,0,0,0.0,-,-,-,-,-,-
747234,2010,2010-08-13 00:00:00,2012,2012-12-31 00:00:00,CE,IPAPORANGA/CE,-4.903227,-40.760079,-,-,310000.0,-,-,-,-,-,-,-,-,-,-,0,0,0,0.0,-,-,-,-,-,-
747337,2010,2010-11-18 00:00:00,2012,2012-07-18 00:00:00,CE,CARIUS/CE,-6.534869,-39.496666,-,-,103200.0,-,-,-,-,-,-,-,-,-,-,0,0,0,0.0,-,-,-,-,-,-
747367,2010,2010-11-17 00:00:00,2012,2012-07-17 00:00:00,CE,CARIUS/CE,-6.534869,-39.496666,-,-,103200.0,-,-,-,-,-,-,-,-,-,-,0,0,0,0.0,-,-,-,-,-,-
747433,2010,2010-07-29 00:00:00,2013,2013-03-30 00:00:00,CE,SALITRE/CE,-7.285445,-40.457306,-,-,147226.93,-,-,-,-,-,-,-,-,-,-,0,0,0,0.0,-,-,-,-,-,-
747436,2010,2010-07-26 00:00:00,2013,2013-03-26 00:00:00,CE,ARNEIROZ/CE,-6.32351,-40.160386,-,-,150000.0,-,-,-,-,-,-,-,-,-,-,0,0,0,0.0,-,-,-,-,-,-
747504,2010,2010-07-27 00:00:00,2012,2012-07-27 00:00:00,CE,CATARINA/CE,-6.134048,-39.879175,-,-,1053778.77,-,-,-,-,-,-,-,-,-,-,0,0,0,0.0,-,-,-,-,-,-
749821,2010,2010-12-24 00:00:00,2025,2025-04-04 00:00:00,CE,SOBRAL/CE,-3.687914,-40.345637,-,0.9863608237243092,1799674.46,-,-,-,-,-,-,-,-,-,-,0,0,0,1185400.0,-,-,-,-,-,-
756990,2011,2011-12-12 00:00:00,2013,2013-12-12 00:00:00,CE,MARCO/CE,-3.122194,-40.151458,-,-,1031880.0,-,-,-,-,-,-,-,-,-,-,0,0,0,0.0,-,-,-,-,-,-
758584,2011,2011-12-12 00:00:00,2013,2013-12-12 00:00:00,CE,FORQUILHA/CE,-3.799447,-40.263405,-,-,806200.04,-,-,-,-,-,-,-,-,-,-,0,0,0,0.0,-,-,-,-,-,-
759035,2011,2011-12-21 00:00:00,2013,2013-12-30 00:00:00,CE,GUARACIABA DO NORTE/CE,-4.163292,-40.749598,-,-,200408.16,-,-,-,-,-,-,-,-,-,-,0,0,0,0.0,-,-,-,-,-,-
759037,2011,2011-12-30 00:00:00,2013,2013-12-30 00:00:00,CE,FORTALEZA/CE,-3.730451,-38.521799,-,-,307604.17,-,-,-,-,-,-,-,-,-,-,0,0,0,0.0,-,-,-,-,-,-
759404,2011,2011-12-31 00:00:00,2013,2013-06-30 00:00:00,CE,LIMOEIRO DO NORTE/CE,-5.145561,-38.098494,-,-,1660302.1,-,-,-,-,-,-,-,-,-,-,0,0,0,0.0,-,-,-,-,-,-
760444,2011,2011-12-22 00:00:00,2013,2013-12-22 00:00:00,CE,COREAU/CE,-3.551979,-40.652841,-,-,144905.0,-,-,-,-,-,-,-,-,-,-,0,0,0,0.0,-,-,-,-,-,-
761531,2011,2011-12-26 00:00:00,2013,2013-12-26 00:00:00,CE,HORIZONTE/CE,-4.096462,-38.496557,-,-,513645.83,-,-,-,-,-,-,-,-,-,-,0,0,0,0.0,-,-,-,-,-,-
762858,2011,2011-12-23 00:00:00,2018,2018-08-18 00:00:00,CE,GROAIRAS/CE,-3.915777,-40.385509,-,0.6764907235708375,206206.11,-,-,-,-,-,-,-,-,-,-,0,0,0,157120.0,-,-,-,-,-,-
762942,2011,2011-12-23 00:00:00,2014,2014-06-23 00:00:00,CE,MORRINHOS/CE,-3.227575,-40.128078,-,-,299696.79,-,-,-,-,-,-,-,-,-,-,0,0,0,0.0,-,-,-,-,-,-
762946,2011,2011-12-27 00:00:00,2013,2013-12-27 00:00:00,CE,ITAPAGE/CE,-3.667709,-39.591776,-,-,154995.0,-,-,-,-,-,-,-,-,-,-,0,0,0,0.0,-,-,-,-,-,-
762947,2011,2011-12-30 00:00:00,2013,2013-12-30 00:00:00,CE,REDENCAO/CE,-4.224398,-38.727846,-,-,301327.0,-,-,-,-,-,-,-,-,-,-,0,0,0,0.0,-,-,-,-,-,-
764183,2012,2012-10-23 00:00:00,2013,2013-07-18 00:00:00,CE,ITAPIUNA/CE,-4.565419,-38.921154,-,-,102292.0,-,-,-,-,-,-,-,-,-,-,0,0,0,0.0,-,-,-,-,-,-
764184,2011,2011-12-27 00:00:00,2013,2013-12-27 00:00:00,CE,COREAU/CE,-3.551979,-40.652841,-,-,100205.0,-,-,-,-,-,-,-,-,-,-,0,0,0,0.0,-,-,-,-,-,-
766329,2011,2011-12-29 00:00:00,2020,2020-01-31 00:00:00,CE,FORQUILHA/CE,-3.799447,-40.263405,-,0.8032128529106128,696595.92,-,-,-,-,-,-,-,-,-,-,0,0,0,682664.0,-,-,-,-,-,-
766712,2011,2011-12-31 00:00:00,2013,2013-06-30 00:00:00,CE,MORADA NOVA/CE,-5.10767,-38.372785,-,-,204584.0,-,-,-,-,-,-,-,-,-,-,0,0,0,0.0,-,-,-,-,-,-
768306,2011,2011-12-30 00:00:00,2013,2013-12-30 00:00:00,CE,IBARETAMA/CE,-4.819434,-38.820848,-,-,1007755.1,-,-,-,-,-,-,-,-,-,-,0,0,0,0.0,-,-,-,-,-,-
768321,2011,2011-12-30 00:00:00,2013,2013-12-27 00:00:00,CE,MONSENHOR TABOSA/CE,-4.787951,-40.063949,-,-,200409.0,-,-,-,-,-,-,-,-,-,-,0,0,0,0.0,-,-,-,-,-,-
768373,2011,2011-12-30 00:00:00,2013,2013-06-30 00:00:00,CE,QUIXELO/CE,-6.251124,-39.199546,-,-,322775.82,-,-,-,-,-,-,-,-,-,-,0,0,0,0.0,-,-,-,-,-,-
770194,2012,2012-12-31 00:00:00,2015,2015-03-31 00:00:00,CE,QUIXELO/CE,-6.251124,-39.199546,-,-,295300.0,-,-,-,-,-,-,-,-,-,-,0,0,0,0.0,-,-,-,-,-,-
770203,2012,2012-12-27 00:00:00,2015,2015-12-27 00:00:00,CE,FORTALEZA/CE,-3.730451,-38.521799,-,-,1500000.0,-,-,-,-,-,-,-,-,-,-,0,0,0,0.0,-,-,-,-,-,-
770970,2012,2012-12-26 00:00:00,2016,2016-06-26 00:00:00,CE,TAUA/CE,-6.003137,-40.294727,-,-,1028750.0,-,-,-,-,-,-,-,-,-,-,0,0,0,0.0,-,-,-,-,-,-
771584,2012,2012-12-27 00:00:00,2015,2015-12-27 00:00:00,CE,ARACOIABA/CE,-4.370258,-38.808431,-,-,302000.0,-,-,-,-,-,-,-,-,-,-,0,0,0,0.0,-,-,-,-,-,-
771623,2012,2012-12-28 00:00:00,2015,2015-12-28 00:00:00,CE,SOBRAL/CE,-3.687914,-40.345637,-,-,902113.33,-,-,-,-,-,-,-,-,-,-,0,0,0,0.0,-,-,-,-,-,-
772628,2012,2012-12-27 00:00:00,2016,2016-06-27 00:00:00,CE,FORTALEZA/CE,-3.730451,-38.521799,-,-,550000.0,-,-,-,-,-,-,-,-,-,-,0,0,0,0.0,-,-,-,-,-,-
773073,2012,2012-12-11 00:00:00,2014,2014-12-12 00:00:00,CE,IPUEIRAS/CE,-4.542714,-40.716846,-,-,845051.8,-,-,-,-,-,-,-,-,-,-,0,0,0,0.0,-,-,-,-,-,-
773126,2012,2012-11-27 00:00:00,2015,2015-05-27 00:00:00,CE,ERERE/CE,-6.03113,-38.348217,-,-,507893.0,-,-,-,-,-,-,-,-,-,-,0,0,0,0.0,-,-,-,-,-,-
779902,2012,2012-12-31 00:00:00,2016,2016-12-20 00:00:00,CE,FORTALEZA/CE,-3.730451,-38.521799,-,-,328112.0,-,-,-,-,-,-,-,-,-,-,0,0,0,0.0,-,-,-,-,-,-
781682,2012,2012-12-31 00:00:00,2015,2015-12-21 00:00:00,CE,UMIRIM/CE,-3.677774,-39.348725,-,-,703587.14,-,-,-,-,-,-,-,-,-,-,0,0,0,0.0,-,-,-,-,-,-
781754,2012,2012-12-31 00:00:00,2016,2016-12-20 00:00:00,CE,FORTALEZA/CE,-3.730451,-38.521799,-,-,328112.0,-,-,-,-,-,-,-,-,-,-,0,0,0,0.0,-,-,-,-,-,-
782070,2012,2012-12-31 00:00:00,2015,2015-12-21 00:00:00,CE,CASCAVEL/CE,-4.129666,-38.241178,-,-,822800.0,-,-,-,-,-,-,-,-,-,-,0,0,0,0.0,-,-,-,-,-,-
782255,2013,2013-12-26 00:00:00,2015,2015-12-30 00:00:00,CE,MOMBACA/CE,-5.74509,-39.629352,-,-,501750.41,-,-,-,-,-,-,-,-,-,-,0,0,0,0.0,-,-,-,-,-,-
783111,2013,2013-12-05 00:00:00,2016,2016-11-24 00:00:00,CE,CAPISTRANO/CE,-4.464469,-38.895673,-,-,493100.0,-,-,-,-,-,-,-,-,-,-,0,0,0,0.0,-,-,-,-,-,-
783163,2013,2013-12-31 00:00:00,2016,2016-12-20 00:00:00,CE,MADALENA/CE,-4.854296,-39.576644,-,-,502962.0,-,-,-,-,-,-,-,-,-,-,0,0,0,0.0,-,-,-,-,-,-
783450,2013,2013-12-31 00:00:00,2016,2016-12-20 00:00:00,CE,MADALENA/CE,-4.854296,-39.576644,-,-,402084.0,-,-,-,-,-,-,-,-,-,-,0,0,0,0.0,-,-,-,-,-,-
783481,2014,2014-06-03 00:00:00,2017,2017-05-23 00:00:00,CE,CHOROZINHO/CE,-4.301089,-38.497692,-,-,257728.75,-,-,-,-,-,-,-,-,-,-,0,0,0,0.0,-,-,-,-,-,-
784220,2013,2013-12-31 00:00:00,2016,2016-12-30 00:00:00,CE,ITAPIPOCA/CE,-3.496059,-39.58192,-,-,513650.0,-,-,-,-,-,-,-,-,-,-,0,0,0,0.0,-,-,-,-,-,-
784319,2013,2013-11-29 00:00:00,2016,2016-05-17 00:00:00,CE,CAUCAIA/CE,-3.730056,-38.659308,-,-,690900.0,-,-,-,-,-,-,-,-,-,-,0,0,0,0.0,-,-,-,-,-,-
784359,2013,2013-12-31 00:00:00,2016,2016-12-20 00:00:00,CE,ERERE/CE,-6.03113,-38.348217,-,-,261000.0,-,-,-,-,-,-,-,-,-,-,0,0,0,0.0,-,-,-,-,-,-
784945,2013,2013-12-17 00:00:00,2021,2021-09-30 00:00:00,CE,GUAIUBA/CE,-4.041266,-38.636908,-,0.6264559987599848,513284.67,-,-,-,-,-,-,-,-,-,-,0,0,0,394480.0,-,-,-,-,-,-
784989,2013,2013-10-22 00:00:00,2018,2018-07-09 00:00:00,CE,MIRAIMA/CE,-3.568674,-39.966267,-,0.5160005154706359,405449.73,-,-,-,-,-,-,-,-,-,-,0,0,0,315360.0,-,-,-,-,-,-
785471,2013,2013-12-03 00:00:00,2016,2016-11-22 00:00:00,CE,PENTECOSTE/CE,-3.795025,-39.267073,-,-,301326.53,-,-,-,-,-,-,-,-,-,-,0,0,0,0.0,-,-,-,-,-,-
785473,2013,2013-12-04 00:00:00,2016,2016-11-23 00:00:00,CE,AMONTADA/CE,-3.363459,-39.828479,-,-,301326.53,-,-,-,-,-,-,-,-,-,-,0,0,0,0.0,-,-,-,-,-,-
785625,2013,2013-11-29 00:00:00,2016,2016-02-26 00:00:00,CE,ARACATI/CE,-4.558259,-37.767894,-,-,307605.0,-,-,-,-,-,-,-,-,-,-,0,0,0,0.0,-,-,-,-,-,-
785843,2013,2013-11-04 00:00:00,2016,2016-10-24 00:00:00,CE,CHOROZINHO/CE,-4.301089,-38.497692,-,-,301327.0,-,-,-,-,-,-,-,-,-,-,0,0,0,0.0,-,-,-,-,-,-
785976,2013,2013-12-31 00:00:00,2018,2018-05-20 00:00:00,CE,CRATEUS/CE,-5.178245,-40.669655,-,0.8543338091045398,675414.69,-,-,-,-,-,-,-,-,-,-,0,0,0,296000.0,-,-,-,-,-,-
786377,2013,2013-10-22 00:00:00,2016,2016-10-11 00:00:00,CE,MIRAIMA/CE,-3.568674,-39.966267,-,-,260960.0,-,-,-,-,-,-,-,-,-,-,0,0,0,0.0,-,-,-,-,-,-
786394,2013,2013-11-04 00:00:00,2016,2016-10-24 00:00:00,CE,RUSSAS/CE,-4.935428,-37.978384,-,-,295300.0,-,-,-,-,-,-,-,-,-,-,0,0,0,0.0,-,-,-,-,-,-
786420,2013,2013-12-27 00:00:00,2016,2016-12-16 00:00:00,CE,JAGUARUANA/CE,-4.831508,-37.780997,-,-,261040.0,-,-,-,-,-,-,-,-,-,-,0,0,0,0.0,-,-,-,-,-,-
786749,2013,2013-11-04 00:00:00,2016,2016-10-24 00:00:00,CE,FORQUILHA/CE,-3.799447,-40.263405,-,-,507893.0,-,-,-,-,-,-,-,-,-,-,0,0,0,0.0,-,-,-,-,-,-
789281,2013,2013-12-27 00:00:00,2015,2015-12-30 00:00:00,CE,LAVRAS DA MANGABEIRA/CE,-6.751955,-38.963402,-,-,250868.0,-,-,-,-,-,-,-,-,-,-,0,0,0,0.0,-,-,-,-,-,-
789647,2013,2013-12-31 00:00:00,2016,2016-12-20 00:00:00,CE,FORQUILHA/CE,-3.799447,-40.263405,-,-,507893.0,-,-,-,-,-,-,-,-,-,-,0,0,0,0.0,-,-,-,-,-,-
790010,2013,2013-12-31 00:00:00,2021,2021-04-30 00:00:00,CE,IPU/CE,-4.323982,-40.709746,-,0.7875641166147501,304766.79,-,-,-,-,-,-,-,-,-,-,0,0,0,236240.0,-,-,-,-,-,-
790099,2013,2013-12-16 00:00:00,2017,2017-06-03 00:00:00,CE,ITATIRA/CE,-4.53055,-39.621048,-,-,251000.0,-,-,-,-,-,-,-,-,-,-,0,0,0,0.0,-,-,-,-,-,-
790131,2013,2013-12-30 00:00:00,2016,2016-12-19 00:00:00,CE,BANABUIU/CE,-5.304151,-38.919772,-,-,301326.53,-,-,-,-,-,-,-,-,-,-,0,0,0,0.0,-,-,-,-,-,-
790140,2013,2013-12-31 00:00:00,2016,2016-12-20 00:00:00,CE,CHOROZINHO/CE,-4.301089,-38.497692,-,-,250867.35,-,-,-,-,-,-,-,-,-,-,0,0,0,0.0,-,-,-,-,-,-
790285,2013,2013-12-27 00:00:00,2016,2016-12-16 00:00:00,CE,JAGUARUANA/CE,-4.831508,-37.780997,-,-,275520.0,-,-,-,-,-,-,-,-,-,-,0,0,0,0.0,-,-,-,-,-,-
790541,2013,2013-12-31 00:00:00,2017,2017-06-18 00:00:00,CE,PACATUBA/CE,-3.9841,-38.618038,-,-,817470.25,-,-,-,-,-,-,-,-,-,-,0,0,0,0.0,-,-,-,-,-,-
791344,2013,2013-12-31 00:00:00,2016,2016-12-30 00:00:00,CE,ITAPIPOCA/CE,-3.496059,-39.58192,-,-,307605.0,-,-,-,-,-,-,-,-,-,-,0,0,0,0.0,-,-,-,-,-,-
792681,2013,2013-12-31 00:00:00,2016,2016-12-20 00:00:00,CE,IBARETAMA/CE,-4.819434,-38.820848,-,-,503163.27,-,-,-,-,-,-,-,-,-,-,0,0,0,0.0,-,-,-,-,-,-
792795,2013,2013-12-30 00:00:00,2016,2016-12-19 00:00:00,CE,BARREIRA/CE,-4.288336,-38.641094,-,-,402244.9,-,-,-,-,-,-,-,-,-,-,0,0,0,0.0,-,-,-,-,-,-
793727,2013,2013-12-31 00:00:00,2016,2016-12-20 00:00:00,CE,CHOROZINHO/CE,-4.301089,-38.497692,-,-,301206.0,-,-,-,-,-,-,-,-,-,-,0,0,0,0.0,-,-,-,-,-,-
793728,2013,2013-12-31 00:00:00,2016,2016-12-20 00:00:00,CE,SANTA QUITERIA/CE,-4.333655,-40.154491,-,-,281030.4,-,-,-,-,-,-,-,-,-,-,0,0,0,0.0,-,-,-,-,-,-
794427,2013,2013-12-31 00:00:00,2018,2018-09-20 00:00:00,CE,ITAPAGE/CE,-3.667709,-39.591776,-,0.793190053323181,251100.0,-,-,-,-,-,-,-,-,-,-,0,0,0,245850.0,-,-,-,-,-,-
798066,2013,2013-12-31 00:00:00,2016,2016-12-20 00:00:00,CE,UMIRIM/CE,-3.677774,-39.348725,-,-,821715.49,-,-,-,-,-,-,-,-,-,-,0,0,0,0.0,-,-,-,-,-,-
799542,2013,2013-12-31 00:00:00,2016,2016-12-20 00:00:00,CE,LIMOEIRO DO NORTE/CE,-5.145561,-38.098494,-,-,1027600.0,-,-,-,-,-,-,-,-,-,-,0,0,0,0.0,-,-,-,-,-,-
799891,2013,2013-12-31 00:00:00,2016,2016-12-30 00:00:00,CE,ITAPIPOCA/CE,-3.496059,-39.58192,-,-,2780105.0,-,-,-,-,-,-,-,-,-,-,0,0,0,0.0,-,-,-,-,-,-
799909,2013,2013-12-31 00:00:00,2016,2016-12-20 00:00:00,CE,GUAIUBA/CE,-4.041266,-38.636908,-,-,514266.1,-,-,-,-,-,-,-,-,-,-,0,0,0,0.0,-,-,-,-,-,-
801390,2014,2014-07-22 00:00:00,2016,2016-07-22 00:00:00,CE,ICO/CE,-6.400399,-38.857595,-,-,1010000.0,-,-,-,-,-,-,-,-,-,-,0,0,0,0.0,-,-,-,-,-,-
802667,2014,2014-10-20 00:00:00,2017,2017-10-09 00:00:00,CE,PACATUBA/CE,-3.9841,-38.618038,-,-,960302.99,-,-,-,-,-,-,-,-,-,-,0,0,0,0.0,-,-,-,-,-,-
803008,2014,2014-09-09 00:00:00,2017,2017-08-29 00:00:00,CE,AQUIRAZ/CE,-3.906312,-38.387504,-,-,560776.06,-,-,-,-,-,-,-,-,-,-,0,0,0,0.0,-,-,-,-,-,-
803061,2014,2014-07-28 00:00:00,2019,2019-01-30 00:00:00,CE,BEBERIBE/CE,-4.181047,-38.12981,-,-,317066.76,-,-,-,-,-,-,-,-,-,-,0,0,0,0.0,-,-,-,-,-,-
803065,2014,2014-12-23 00:00:00,2017,2017-12-12 00:00:00,CE,PALHANO/CE,-4.744941,-37.96084,-,-,395000.0,-,-,-,-,-,-,-,-,-,-,0,0,0,0.0,-,-,-,-,-,-
803168,2014,2014-07-23 00:00:00,2016,2016-07-23 00:00:00,CE,ICO/CE,-6.400399,-38.857595,-,-,1010000.0,-,-,-,-,-,-,-,-,-,-,0,0,0,0.0,-,-,-,-,-,-
803208,2014,2014-08-05 00:00:00,2017,2017-07-25 00:00:00,CE,BELA CRUZ/CE,-3.052913,-40.167582,-,-,1010000.0,-,-,-,-,-,-,-,-,-,-,0,0,0,0.0,-,-,-,-,-,-
803317,2014,2014-12-03 00:00:00,2017,2017-11-22 00:00:00,CE,MASSAPE/CE,-3.523906,-40.342311,-,-,2051937.9,-,-,-,-,-,-,-,-,-,-,0,0,0,0.0,-,-,-,-,-,-
803624,2014,2014-12-30 00:00:00,2017,2017-12-19 00:00:00,CE,TABULEIRO DO NORTE/CE,-5.244086,-38.128461,-,-,404519.99,-,-,-,-,-,-,-,-,-,-,0,0,0,0.0,-,-,-,-,-,-
803697,2014,2014-12-30 00:00:00,2017,2017-12-19 00:00:00,CE,REDENCAO/CE,-4.224398,-38.727846,-,-,500000.0,-,-,-,-,-,-,-,-,-,-,0,0,0,0.0,-,-,-,-,-,-
804029,2014,2014-12-09 00:00:00,2017,2017-11-28 00:00:00,CE,IBARETAMA/CE,-4.819434,-38.820848,-,-,250000.0,-,-,-,-,-,-,-,-,-,-,0,0,0,0.0,-,-,-,-,-,-
804123,2014,2014-08-26 00:00:00,2017,2017-08-15 00:00:00,CE,CAMOCIM/CE,-2.900992,-40.842739,-,-,304300.0,-,-,-,-,-,-,-,-,-,-,0,0,0,0.0,-,-,-,-,-,-
804242,2014,2014-09-09 00:00:00,2017,2017-08-29 00:00:00,CE,MIRAIMA/CE,-3.568674,-39.966267,-,-,493594.0,-,-,-,-,-,-,-,-,-,-,0,0,0,0.0,-,-,-,-,-,-
804243,2014,2014-08-11 00:00:00,2017,2017-07-31 00:00:00,CE,MIRAIMA/CE,-3.568674,-39.966267,-,-,295596.0,-,-,-,-,-,-,-,-,-,-,0,0,0,0.0,-,-,-,-,-,-
804247,2014,2014-07-14 00:00:00,2017,2017-07-03 00:00:00,CE,JAGUARETAMA/CE,-5.609242,-38.763008,-,-,295596.0,-,-,-,-,-,-,-,-,-,-,0,0,0,0.0,-,-,-,-,-,-
805255,2014,2014-07-28 00:00:00,2017,2017-07-17 00:00:00,CE,FORQUILHA/CE,-3.799447,-40.263405,-,-,246341.7,-,-,-,-,-,-,-,-,-,-,0,0,0,0.0,-,-,-,-,-,-
805282,2015,2015-03-11 00:00:00,2018,2018-02-28 00:00:00,CE,AMONTADA/CE,-3.363459,-39.828479,-,-,295596.0,-,-,-,-,-,-,-,-,-,-,0,0,0,0.0,-,-,-,-,-,-
805999,2014,2014-07-15 00:00:00,2018,2018-07-04 00:00:00,CE,MARACANAU/CE,-3.877944,-38.62477,-,-,1184201.47,-,-,-,-,-,-,-,-,-,-,0,0,0,0.0,-,-,-,-,-,-
806002,2014,2014-07-15 00:00:00,2018,2018-07-04 00:00:00,CE,MARACANAU/CE,-3.877944,-38.62477,-,-,1161856.54,-,-,-,-,-,-,-,-,-,-,0,0,0,0.0,-,-,-,-,-,-
806314,2014,2014-09-08 00:00:00,2017,2017-08-28 00:00:00,CE,FORTALEZA/CE,-3.730451,-38.521799,-,-,554855.0,-,-,-,-,-,-,-,-,-,-,0,0,0,0.0,-,-,-,-,-,-
806394,2014,2014-12-08 00:00:00,2017,2017-11-27 00:00:00,CE,GROAIRAS/CE,-3.915777,-40.385509,-,-,493601.0,-,-,-,-,-,-,-,-,-,-,0,0,0,0.0,-,-,-,-,-,-
809095,2014,2014-11-14 00:00:00,2018,2018-03-30 00:00:00,CE,INDEPENDENCIA/CE,-5.395854,-40.31089,-,-,665290.69,-,-,-,-,-,-,-,-,-,-,0,0,0,0.0,-,-,-,-,-,-
809184,2014,2014-07-22 00:00:00,2016,2016-07-22 00:00:00,CE,ICO/CE,-6.400399,-38.857595,-,-,705000.0,-,-,-,-,-,-,-,-,-,-,0,0,0,0.0,-,-,-,-,-,-
809288,2014,2014-11-21 00:00:00,2018,2018-11-10 00:00:00,CE,MARCO/CE,-3.122194,-40.151458,-,-,522817.25,-,-,-,-,-,-,-,-,-,-,0,0,0,0.0,-,-,-,-,-,-
809453,2014,2014-09-15 00:00:00,2017,2017-09-04 00:00:00,CE,IRACEMA/CE,-5.810622,-38.302829,-,-,972472.05,-,-,-,-,-,-,-,-,-,-,0,0,0,0.0,-,-,-,-,-,-
809559,2014,2014-11-20 00:00:00,2017,2017-11-09 00:00:00,CE,MULUNGU/CE,-4.305233,-38.995779,-,-,452650.0,-,-,-,-,-,-,-,-,-,-,0,0,0,0.0,-,-,-,-,-,-
809748,2014,2014-09-03 00:00:00,2017,2017-08-23 00:00:00,CE,MONSENHOR TABOSA/CE,-4.787951,-40.063949,-,-,503200.0,-,-,-,-,-,-,-,-,-,-,0,0,0,0.0,-,-,-,-,-,-
811849,2015,2015-09-02 00:00:00,2018,2018-08-22 00:00:00,CE,EUSEBIO/CE,-3.888984,-38.454659,-,-,176797.0,-,-,-,-,-,-,-,-,-,-,0,0,0,0.0,-,-,-,-,-,-
814674,2014,2014-12-30 00:00:00,2018,2018-06-30 00:00:00,CE,BEBERIBE/CE,-4.181047,-38.12981,-,-,349741.42,-,-,-,-,-,-,-,-,-,-,0,0,0,0.0,-,-,-,-,-,-
819490,2015,2015-12-30 00:00:00,2018,2018-12-19 00:00:00,CE,UMIRIM/CE,-3.677774,-39.348725,-,-,691600.0,-,-,-,-,-,-,-,-,-,-,0,0,0,0.0,-,-,-,-,-,-
819544,2015,2015-12-31 00:00:00,2018,2018-12-20 00:00:00,CE,INDEPENDENCIA/CE,-5.395854,-40.31089,-,-,246500.0,-,-,-,-,-,-,-,-,-,-,0,0,0,0.0,-,-,-,-,-,-
819988,2015,2015-12-08 00:00:00,2018,2018-11-27 00:00:00,CE,ARACATI/CE,-4.558259,-37.767894,-,-,295892.0,-,-,-,-,-,-,-,-,-,-,0,0,0,0.0,-,-,-,-,-,-
820029,2015,2015-12-30 00:00:00,2018,2018-12-19 00:00:00,CE,MASSAPE/CE,-3.523906,-40.342311,-,-,491499.45,-,-,-,-,-,-,-,-,-,-,0,0,0,0.0,-,-,-,-,-,-
821327,2015,2015-12-31 00:00:00,2018,2018-12-19 00:00:00,CE,MULUNGU/CE,-4.305233,-38.995779,-,-,252534.8,-,-,-,-,-,-,-,-,-,-,0,0,0,0.0,-,-,-,-,-,-
822192,2015,2015-12-31 00:00:00,2018,2018-12-20 00:00:00,CE,BEBERIBE/CE,-4.181047,-38.12981,-,-,493594.0,-,-,-,-,-,-,-,-,-,-,0,0,0,0.0,-,-,-,-,-,-
822402,2015,2015-12-17 00:00:00,2018,2018-12-06 00:00:00,CE,PARACURU/CE,-3.41436,-39.030028,-,-,848013.14,-,-,-,-,-,-,-,-,-,-,0,0,0,0.0,-,-,-,-,-,-
822841,2015,2015-12-31 00:00:00,2018,2018-12-20 00:00:00,CE,QUIXADA/CE,-4.970602,-39.01584,-,-,248333.33,-,-,-,-,-,-,-,-,-,-,0,0,0,0.0,-,-,-,-,-,-
822904,2016,2016-02-12 00:00:00,2018,2018-06-30 00:00:00,CE,OROS/CE,-6.242754,-38.914115,-,-,231336.5,-,-,-,-,-,-,-,-,-,-,0,0,0,0.0,-,-,-,-,-,-
822936,2015,2015-12-18 00:00:00,2018,2018-06-30 00:00:00,CE,CRATO/CE,-7.236911,-39.414924,-,-,197100.0,-,-,-,-,-,-,-,-,-,-,0,0,0,0.0,-,-,-,-,-,-
822963,2015,2015-12-30 00:00:00,2018,2018-12-19 00:00:00,CE,EUSEBIO/CE,-3.888984,-38.454659,-,-,444650.0,-,-,-,-,-,-,-,-,-,-,0,0,0,0.0,-,-,-,-,-,-
822986,2015,2015-12-31 00:00:00,2018,2018-12-20 00:00:00,CE,BEBERIBE/CE,-4.181047,-38.12981,-,-,394600.0,-,-,-,-,-,-,-,-,-,-,0,0,0,0.0,-,-,-,-,-,-
822988,2015,2015-12-30 00:00:00,2018,2018-12-19 00:00:00,CE,VARJOTA/CE,-4.195835,-40.473531,-,-,400000.0,-,-,-,-,-,-,-,-,-,-,0,0,0,0.0,-,-,-,-,-,-
823066,2015,2015-12-08 00:00:00,2018,2018-11-27 00:00:00,CE,ARACATI/CE,-4.558259,-37.767894,-,-,494089.0,-,-,-,-,-,-,-,-,-,-,0,0,0,0.0,-,-,-,-,-,-
823091,2015,2015-12-29 00:00:00,2018,2018-12-18 00:00:00,CE,IRACEMA/CE,-5.810622,-38.302829,-,-,248308.5,-,-,-,-,-,-,-,-,-,-,0,0,0,0.0,-,-,-,-,-,-
823157,2016,2016-06-07 00:00:00,2018,2018-12-30 00:00:00,CE,PARAMBU/CE,-6.212386,-40.695498,-,-,705000.0,-,-,-,-,-,-,-,-,-,-,0,0,0,0.0,-,-,-,-,-,-
823158,2016,2016-06-07 00:00:00,2018,2018-12-30 00:00:00,CE,PARAMBU/CE,-6.212386,-40.695498,-,-,749248.64,-,-,-,-,-,-,-,-,-,-,0,0,0,0.0,-,-,-,-,-,-
824597,2015,2015-12-30 00:00:00,2018,2018-12-19 00:00:00,CE,FORTALEZA/CE,-3.730451,-38.521799,-,-,1335660.0,-,-,-,-,-,-,-,-,-,-,0,0,0,0.0,-,-,-,-,-,-
825613,2016,2016-02-12 00:00:00,2018,2018-06-30 00:00:00,CE,OROS/CE,-6.242754,-38.914115,-,-,494000.0,-,-,-,-,-,-,-,-,-,-,0,0,0,0.0,-,-,-,-,-,-
825616,2015,2015-12-24 00:00:00,2025,2025-12-30 00:00:00,CE,TAUA/CE,-6.003137,-40.294727,-,0.7905049635813418,5655624.0,-,-,-,-,-,-,-,-,-,-,0,0,0,5438100.0,-,-,-,-,-,-
826272,2015,2015-12-31 00:00:00,2018,2018-06-18 00:00:00,CE,MORADA NOVA/CE,-5.10767,-38.372785,-,-,512824.0,-,-,-,-,-,-,-,-,-,-,0,0,0,0.0,-,-,-,-,-,-
828883,2016,2016-06-30 00:00:00,2018,2018-12-31 00:00:00,CE,ICO/CE,-6.400399,-38.857595,-,-,270000.0,-,-,-,-,-,-,-,-,-,-,0,0,0,0.0,-,-,-,-,-,-
828906,2016,2016-12-22 00:00:00,2020,2020-12-11 00:00:00,CE,ITAPAGE/CE,-3.667709,-39.591776,-,-,248350.0,-,-,-,-,-,-,-,-,-,-,0,0,0,0.0,-,-,-,-,-,-
829259,2016,2016-12-28 00:00:00,2025,2025-04-28 00:00:00,CE,APUIARES/CE,-3.94603,-39.43133,-,0.3640230364015634,244166.47,-,-,-,-,-,-,-,-,-,-,0,0,0,206577.8,-,-,-,-,-,-
829303,2016,2016-06-17 00:00:00,2018,2018-12-31 00:00:00,CE,PARAMBU/CE,-6.212386,-40.695498,-,-,597979.8,-,-,-,-,-,-,-,-,-,-,0,0,0,0.0,-,-,-,-,-,-
829316,2016,2016-12-27 00:00:00,2019,2019-12-17 00:00:00,CE,ARACOIABA/CE,-4.370258,-38.808431,-,-,1438528.0,-,-,-,-,-,-,-,-,-,-,0,0,0,0.0,-,-,-,-,-,-
829542,2016,2016-12-28 00:00:00,2019,2019-12-18 00:00:00,CE,APUIARES/CE,-3.94603,-39.43133,-,-,300000.0,-,-,-,-,-,-,-,-,-,-,0,0,0,0.0,-,-,-,-,-,-
829724,2016,2016-05-18 00:00:00,2019,2019-05-18 00:00:00,CE,BEBERIBE/CE,-4.181047,-38.12981,-,-,246350.0,-,-,-,-,-,-,-,-,-,-,0,0,0,0.0,-,-,-,-,-,-
829792,2016,2016-05-18 00:00:00,2019,2019-05-18 00:00:00,CE,BEBERIBE/CE,-4.181047,-38.12981,-,-,246350.0,-,-,-,-,-,-,-,-,-,-,0,0,0,0.0,-,-,-,-,-,-
830023,2016,2016-12-21 00:00:00,2019,2019-12-11 00:00:00,CE,ITAPIPOCA/CE,-3.496059,-39.58192,-,-,260000.0,-,-,-,-,-,-,-,-,-,-,0,0,0,0.0,-,-,-,-,-,-
830052,2016,2016-12-22 00:00:00,2025,2025-04-30 00:00:00,CE,BOA VIAGEM/CE,-5.126188,-39.730005,-,0.8656696912275346,515599.48,-,-,-,-,-,-,-,-,-,-,0,0,0,477101.94,-,-,-,-,-,-
830072,2016,2016-12-23 00:00:00,2025,2025-06-30 00:00:00,CE,TAUA/CE,-6.003137,-40.294727,-,0.170883038788804,1669896.72,-,-,-,-,-,-,-,-,-,-,0,0,0,1108576.51,-,-,-,-,-,-
830221,2016,2016-08-09 00:00:00,2020,2020-07-29 00:00:00,CE,PEDRA BRANCA/CE,-5.455674,-39.716629,-,-,797698.0,-,-,-,-,-,-,-,-,-,-,0,0,0,0.0,-,-,-,-,-,-
830424,2016,2016-12-14 00:00:00,2019,2019-12-04 00:00:00,CE,EUSEBIO/CE,-3.888984,-38.454659,-,-,246350.0,-,-,-,-,-,-,-,-,-,-,0,0,0,0.0,-,-,-,-,-,-
830441,2016,2016-12-29 00:00:00,2019,2019-12-29 00:00:00,CE,FORTALEZA/CE,-3.730451,-38.521799,-,-,3290831.33,-,-,-,-,-,-,-,-,-,-,0,0,0,0.0,-,-,-,-,-,-
830653,2016,2016-10-14 00:00:00,2022,2022-03-31 00:00:00,CE,PACAJUS/CE,-4.171073,-38.464988,-,0.9521116599448831,606401.0,-,-,-,-,-,-,-,-,-,-,0,0,0,246550.0,-,-,-,-,-,-
834431,2016,2016-12-23 00:00:00,2025,2025-06-30 00:00:00,CE,TAUA/CE,-6.003137,-40.294727,-,0.2208758670018739,1266568.12,-,-,-,-,-,-,-,-,-,-,0,0,0,918456.5,-,-,-,-,-,-
834509,2016,2016-12-28 00:00:00,2022,2022-08-31 00:00:00,CE,APUIARES/CE,-3.94603,-39.43133,-,0.6064206553539785,290746.93,-,-,-,-,-,-,-,-,-,-,0,0,0,196680.0,-,-,-,-,-,-
834541,2016,2016-12-22 00:00:00,2022,2022-11-30 00:00:00,CE,IBIAPINA/CE,-3.922879,-40.88903,-,0.8792686274911082,260151.67,-,-,-,-,-,-,-,-,-,-,0,0,0,125362.39,-,-,-,-,-,-
834567,2016,2016-12-22 00:00:00,2019,2019-12-12 00:00:00,CE,MARTINOPOLE/CE,-3.223511,-40.695883,-,-,300000.0,-,-,-,-,-,-,-,-,-,-,0,0,0,0.0,-,-,-,-,-,-
834588,2016,2016-12-16 00:00:00,2018,2018-12-31 00:00:00,CE,ARARIPE/CE,-7.212861,-40.135922,-,-,481900.0,-,-,-,-,-,-,-,-,-,-,0,0,0,0.0,-,-,-,-,-,-
837707,2016,2016-12-14 00:00:00,2019,2019-12-04 00:00:00,CE,BEBERIBE/CE,-4.181047,-38.12981,-,-,246350.0,-,-,-,-,-,-,-,-,-,-,0,0,0,0.0,-,-,-,-,-,-
844472,2017,2017-09-14 00:00:00,2025,2025-04-02 00:00:00,CE,ITAICABA/CE,-4.68054,-37.823997,-,0.7432610018055601,1078934.77,-,-,-,-,-,-,-,-,-,-,0,0,0,987600.0,-,-,-,-,-,-
844948,2017,2017-10-30 00:00:00,2025,2025-09-30 00:00:00,CE,FORTALEZA/CE,-3.730451,-38.521799,-,0.4703957092498737,2717949.0,-,-,-,-,-,-,-,-,-,-,0,0,0,1716162.3,-,-,-,-,-,-
844996,2017,2017-09-19 00:00:00,2020,2020-09-08 00:00:00,CE,CANINDE/CE,-4.354795,-39.310852,-,-,246343.0,-,-,-,-,-,-,-,-,-,-,0,0,0,0.0,-,-,-,-,-,-
845067,2017,2017-10-30 00:00:00,2023,2023-12-22 00:00:00,CE,MASSAPE/CE,-3.523906,-40.342311,-,0.8145763109778391,745689.52,-,-,-,-,-,-,-,-,-,-,0,0,0,744943.8300000001,-,-,-,-,-,-
845700,2017,2017-09-18 00:00:00,2023,2023-06-28 00:00:00,CE,PEDRA BRANCA/CE,-5.455674,-39.716629,-,-,494151.18,-,-,-,-,-,-,-,-,-,-,0,0,0,0.0,-,-,-,-,-,-
845928,2017,2017-09-28 00:00:00,2025,2025-04-30 00:00:00,CE,ITAREMA/CE,-2.922468,-39.915218,-,0.727317501027189,1996674.27,-,-,-,-,-,-,-,-,-,-,0,0,0,1976600.0,-,-,-,-,-,-
845970,2017,2017-10-05 00:00:00,2025,2025-09-30 00:00:00,CE,QUIXADA/CE,-4.970602,-39.01584,-,0.3823784096230247,719559.62,-,-,-,-,-,-,-,-,-,-,0,0,0,690900.0,-,-,-,-,-,-
847192,2017,2017-09-26 00:00:00,2020,2020-09-15 00:00:00,CE,ITAPAGE/CE,-3.667709,-39.591776,-,-,1485100.0,-,-,-,-,-,-,-,-,-,-,0,0,0,0.0,-,-,-,-,-,-
862344,2017,2017-12-29 00:00:00,2025,2025-06-29 00:00:00,CE,ITAPAGE/CE,-3.667709,-39.591776,-,0.1699853915316717,393923.89,-,-,-,-,-,-,-,-,-,-,0,0,0,393529.96,-,-,-,-,-,-
863428,2017,2017-12-30 00:00:00,2025,2025-06-30 00:00:00,CE,CAUCAIA/CE,-3.730056,-38.659308,-,0.6972058693984523,19861116.08,-,-,-,-,-,-,-,-,-,-,0,0,0,6552208.4,-,-,-,-,-,-
865690,2018,2018-07-20 00:00:00,2022,2022-07-09 00:00:00,CE,CROATA/CE,-4.41562,-40.904808,-,-,270800.0,-,-,-,-,-,-,-,-,-,-,0,0,0,0.0,-,-,-,-,-,-
865734,2018,2018-10-05 00:00:00,2021,2021-10-05 00:00:00,CE,FORTALEZA/CE,-3.730451,-38.521799,-,-,578438.1,-,-,-,-,-,-,-,-,-,-,0,0,0,0.0,-,-,-,-,-,-
865742,2018,2018-07-31 00:00:00,2022,2022-12-31 00:00:00,CE,CARIUS/CE,-6.534869,-39.496666,-,-,1392304.6,-,-,-,-,-,-,-,-,-,-,0,0,0,0.0,-,-,-,-,-,-
865806,2018,2018-11-28 00:00:00,2024,2024-09-30 00:00:00,CE,SANTA QUITERIA/CE,-4.333655,-40.154491,-,-,800093.19,-,-,-,-,-,-,-,-,-,-,0,0,0,0.0,-,-,-,-,-,-
865813,2018,2018-09-20 00:00:00,2025,2025-04-30 00:00:00,CE,PARACURU/CE,-3.41436,-39.030028,-,0.2661652855024791,465561.9,-,-,-,-,-,-,-,-,-,-,0,0,0,460952.38,-,-,-,-,-,-
865828,2018,2018-11-28 00:00:00,2024,2024-03-28 00:00:00,CE,SANTA QUITERIA/CE,-4.333655,-40.154491,-,-,438239.33,-,-,-,-,-,-,-,-,-,-,0,0,0,0.0,-,-,-,-,-,-
865835,2018,2018-08-31 00:00:00,2022,2022-12-31 00:00:00,CE,ERERE/CE,-6.03113,-38.348217,-,-,298500.0,-,-,-,-,-,-,-,-,-,-,0,0,0,0.0,-,-,-,-,-,-
866044,2018,2018-10-31 00:00:00,2025,2025-09-30 00:00:00,CE,RUSSAS/CE,-4.935428,-37.978384,-,0.9716120780928381,1179172.26,-,-,-,-,-,-,-,-,-,-,0,0,0,163218.39,-,-,-,-,-,-
866084,2018,2018-08-10 00:00:00,2025,2025-05-28 00:00:00,CE,PEDRA BRANCA/CE,-5.455674,-39.716629,-,0.1847748164902112,885922.3,-,-,-,-,-,-,-,-,-,-,0,0,0,619484.61,-,-,-,-,-,-
866121,2018,2018-08-10 00:00:00,2025,2025-08-10 00:00:00,CE,ALTO SANTO/CE,-5.519037,-38.271935,-,0,270746.94,-,-,-,-,-,-,-,-,-,-,0,0,0,270476.19,-,-,-,-,-,-
866277,2018,2018-11-12 00:00:00,2021,2021-11-12 00:00:00,CE,GENERAL SAMPAIO/CE,-4.051764,-39.450927,-,-,273000.0,-,-,-,-,-,-,-,-,-,-,0,0,0,0.0,-,-,-,-,-,-
866328,2018,2018-11-27 00:00:00,2021,2021-11-16 00:00:00,CE,PACOTI/CE,-4.225356,-38.920835,-,-,465561.9,-,-,-,-,-,-,-,-,-,-,0,0,0,0.0,-,-,-,-,-,-
866344,2018,2018-11-27 00:00:00,2021,2021-11-16 00:00:00,CE,PACOTI/CE,-4.225356,-38.920835,-,-,465561.9,-,-,-,-,-,-,-,-,-,-,0,0,0,0.0,-,-,-,-,-,-
866366,2018,2018-11-23 00:00:00,2021,2021-11-23 00:00:00,CE,BEBERIBE/CE,-4.181047,-38.12981,-,-,467866.67,-,-,-,-,-,-,-,-,-,-,0,0,0,0.0,-,-,-,-,-,-
866585,2018,2018-08-28 00:00:00,2023,2023-02-28 00:00:00,CE,SAO GONCALO DO AMARANTE/CE,-3.609976,-38.968718,-,-,560141.83,-,-,-,-,-,-,-,-,-,-,0,0,0,0.0,-,-,-,-,-,-
866630,2018,2018-11-23 00:00:00,2021,2021-11-12 00:00:00,CE,ITAPAGE/CE,-3.667709,-39.591776,-,-,818091.95,-,-,-,-,-,-,-,-,-,-,0,0,0,0.0,-,-,-,-,-,-
866693,2018,2018-06-21 00:00:00,2021,2021-06-10 00:00:00,CE,CAPISTRANO/CE,-4.464469,-38.895673,-,-,557000.0,-,-,-,-,-,-,-,-,-,-,0,0,0,0.0,-,-,-,-,-,-
866717,2018,2018-09-19 00:00:00,2025,2025-04-30 00:00:00,CE,PARACURU/CE,-3.41436,-39.030028,-,0.3846711442568554,561752.38,-,-,-,-,-,-,-,-,-,-,0,0,0,556190.48,-,-,-,-,-,-
866723,2018,2018-09-21 00:00:00,2022,2022-09-21 00:00:00,CE,BANABUIU/CE,-5.304151,-38.919772,-,-,284004.3,-,-,-,-,-,-,-,-,-,-,0,0,0,0.0,-,-,-,-,-,-
866971,2018,2018-10-19 00:00:00,2021,2021-10-19 00:00:00,CE,MORRINHOS/CE,-3.227575,-40.128078,-,-,509171.43,-,-,-,-,-,-,-,-,-,-,0,0,0,0.0,-,-,-,-,-,-
867054,2018,2018-06-29 00:00:00,2025,2025-05-28 00:00:00,CE,SOBRAL/CE,-3.687914,-40.345637,-,0.5611382064416389,1956549.42,-,-,-,-,-,-,-,-,-,-,0,0,0,1451686.67,-,-,-,-,-,-
867059,2018,2018-09-20 00:00:00,2022,2022-09-09 00:00:00,CE,IBIAPINA/CE,-3.922879,-40.88903,-,-,366081.29,-,-,-,-,-,-,-,-,-,-,0,0,0,0.0,-,-,-,-,-,-
867364,2018,2018-11-27 00:00:00,2020,2020-11-27 00:00:00,CE,ARACOIABA/CE,-4.370258,-38.808431,-,-,461462.38,-,-,-,-,-,-,-,-,-,-,0,0,0,0.0,-,-,-,-,-,-
868627,2018,2018-08-10 00:00:00,2025,2025-05-28 00:00:00,CE,PEDRA BRANCA/CE,-5.455674,-39.716629,-,0.3726538634757096,640300.13,-,-,-,-,-,-,-,-,-,-,0,0,0,639659.83,-,-,-,-,-,-
870823,2018,2018-11-28 00:00:00,2022,2022-12-31 00:00:00,CE,POTENGI/CE,-7.09152,-40.026824,-,-,272413.71,-,-,-,-,-,-,-,-,-,-,0,0,0,0.0,-,-,-,-,-,-
871989,2018,2018-08-22 00:00:00,2022,2022-08-06 00:00:00,CE,TABULEIRO DO NORTE/CE,-5.244086,-38.128461,-,-,260378.64,-,-,-,-,-,-,-,-,-,-,0,0,0,0.0,-,-,-,-,-,-
873273,2018,2018-10-26 00:00:00,2025,2025-09-30 00:00:00,CE,BATURITE/CE,-4.32902,-38.882106,-,0,507129.36,-,-,-,-,-,-,-,-,-,-,0,0,0,460952.38,-,-,-,-,-,-
878355,2018,2018-10-31 00:00:00,2021,2021-10-30 00:00:00,CE,ARACATI/CE,-4.558259,-37.767894,-,-,1001814.02,-,-,-,-,-,-,-,-,-,-,0,0,0,0.0,-,-,-,-,-,-
878804,2018,2018-10-29 00:00:00,2021,2021-10-18 00:00:00,CE,APUIARES/CE,-3.94603,-39.43133,-,-,461452.38,-,-,-,-,-,-,-,-,-,-,0,0,0,0.0,-,-,-,-,-,-
878806,2018,2018-12-31 00:00:00,2025,2025-06-30 00:00:00,CE,UMARI/CE,-6.64651,-38.699515,1,0.9989293769225012,461452.38,-,-,-,-,-,-,-,-,-,-,0,0,0,431650.22,-,-,-,-,-,-
878821,2018,2018-10-31 00:00:00,2022,2022-12-31 00:00:00,CE,CARIUS/CE,-6.534869,-39.496666,-,-,1296519.16,-,-,-,-,-,-,-,-,-,-,0,0,0,0.0,-,-,-,-,-,-
878824,2018,2018-10-23 00:00:00,2023,2023-04-23 00:00:00,CE,MADALENA/CE,-4.854296,-39.576644,-,-,1644840.4,-,-,-,-,-,-,-,-,-,-,0,0,0,0.0,-,-,-,-,-,-
878825,2018,2018-10-24 00:00:00,2024,2024-06-20 00:00:00,CE,SENADOR SA/CE,-3.3528,-40.464406,0.8462,0.8085926483014076,558277.87,-,-,-,-,-,-,-,-,-,-,0,0,0,556190.48,-,-,-,-,-,-
878826,2018,2018-10-26 00:00:00,2021,2021-10-26 00:00:00,CE,PEDRA BRANCA/CE,-5.455674,-39.716629,-,-,1871731.8,-,-,-,-,-,-,-,-,-,-,0,0,0,0.0,-,-,-,-,-,-
878830,2018,2018-11-19 00:00:00,2022,2022-05-08 00:00:00,CE,ITAREMA/CE,-2.922468,-39.915218,-,-,1174638.33,-,-,-,-,-,-,-,-,-,-,0,0,0,0.0,-,-,-,-,-,-
878836,2018,2018-11-14 00:00:00,2021,2021-11-14 00:00:00,CE,MONSENHOR TABOSA/CE,-4.787951,-40.063949,-,-,912877.39,-,-,-,-,-,-,-,-,-,-,0,0,0,0.0,-,-,-,-,-,-
878838,2018,2018-11-28 00:00:00,2025,2025-04-28 00:00:00,CE,MORAUJO/CE,-3.465765,-40.679146,0.8366,0.7312925761419148,745062.62,-,-,-,-,-,-,-,-,-,-,0,0,0,744317.56,-,-,-,-,-,-
878841,2018,2018-11-30 00:00:00,2022,2022-05-31 00:00:00,CE,COREAU/CE,-3.551979,-40.652841,-,-,980018.83,-,-,-,-,-,-,-,-,-,-,0,0,0,0.0,-,-,-,-,-,-
882208,2018,2018-12-31 00:00:00,2021,2021-12-31 00:00:00,CE,BOA VIAGEM/CE,-5.126188,-39.730005,-,-,948877.39,-,-,-,-,-,-,-,-,-,-,0,0,0,0.0,-,-,-,-,-,-
882210,2018,2018-12-31 00:00:00,2021,2021-12-31 00:00:00,CE,CAMOCIM/CE,-2.900992,-40.842739,-,-,923826.7,-,-,-,-,-,-,-,-,-,-,0,0,0,0.0,-,-,-,-,-,-
882213,2018,2018-12-31 00:00:00,2021,2021-12-31 00:00:00,CE,UMIRIM/CE,-3.677774,-39.348725,-,-,223357.14,-,-,-,-,-,-,-,-,-,-,0,0,0,0.0,-,-,-,-,-,-
882216,2018,2018-12-28 00:00:00,2022,2022-12-28 00:00:00,CE,SAO GONCALO DO AMARANTE/CE,-3.609976,-38.968718,-,-,929086.24,-,-,-,-,-,-,-,-,-,-,0,0,0,0.0,-,-,-,-,-,-
884521,2019,2019-12-30 00:00:00,2025,2025-04-28 00:00:00,CE,MULUNGU/CE,-4.305233,-38.995779,1,0.6743731409378184,402247.98,-,-,-,-,-,-,-,-,-,-,0,0,0,401839.0,-,-,-,-,-,-
885294,2019,2019-12-20 00:00:00,2022,2022-12-20 00:00:00,CE,CAPISTRANO/CE,-4.464469,-38.895673,-,-,478455.0,-,-,-,-,-,-,-,-,-,-,0,0,0,0.0,-,-,-,-,-,-
885329,2019,2019-12-20 00:00:00,2025,2025-06-30 00:00:00,CE,BREJO SANTO/CE,-7.490984,-38.985915,-,0.723570321930689,239000.0,-,-,-,-,-,-,-,-,-,-,0,0,0,238750.0,-,-,-,-,-,-
885443,2019,2019-12-23 00:00:00,2025,2025-04-30 00:00:00,CE,JIJOCA DE JERICOACOARA/CE,-2.898628,-40.450608,1,0.720881753435049,583385.84,-,-,-,-,-,-,-,-,-,-,0,0,0,477500.0,-,-,-,-,-,-
885628,2019,2019-12-27 00:00:00,2025,2025-04-30 00:00:00,CE,ACOPIARA/CE,-6.093646,-39.45432,1,1,256928.16,-,-,-,-,-,-,-,-,-,-,0,0,0,238750.0,-,-,-,-,-,-
885853,2019,2019-12-30 00:00:00,2023,2023-12-30 00:00:00,CE,SAO GONCALO DO AMARANTE/CE,-3.609976,-38.968718,-,-,803815.64,-,-,-,-,-,-,-,-,-,-,0,0,0,0.0,-,-,-,-,-,-
885969,2019,2019-11-04 00:00:00,2025,2025-06-30 00:00:00,CE,IRACEMA/CE,-5.810622,-38.302829,-,0.3883383216558186,624705.23,-,-,-,-,-,-,-,-,-,-,0,0,0,580000.0,-,-,-,-,-,-
889100,2019,2019-12-16 00:00:00,2025,2025-04-02 00:00:00,CE,RUSSAS/CE,-4.935428,-37.978384,0.8241000000000002,0.8567437619168883,1751416.59,-,-,-,-,-,-,-,-,-,-,0,0,0,1552323.0,-,-,-,-,-,-
889132,2019,2019-12-12 00:00:00,2025,2025-09-30 00:00:00,CE,ITAPIPOCA/CE,-3.496059,-39.58192,0.6972,0.6727904235027803,1549869.4,-,-,-,-,-,-,-,-,-,-,0,0,0,1499350.0,-,-,-,-,-,-
892528,2019,2019-12-27 00:00:00,2025,2025-10-01 00:00:00,CE,MASSAPE/CE,-3.523906,-40.342311,-,0.4007255983071159,239750.0,-,-,-,-,-,-,-,-,-,-,0,0,0,238750.0,-,-,-,-,-,-
894419,2019,2019-12-27 00:00:00,2025,2025-09-27 00:00:00,CE,ITAREMA/CE,-2.922468,-39.915218,-,0.429032412473491,2928861.41,-,-,-,-,-,-,-,-,-,-,0,0,0,1719000.0,-,-,-,-,-,-
895182,2019,2019-12-31 00:00:00,2025,2025-09-25 00:00:00,CE,MARANGUAPE/CE,-3.892297,-38.683543,-,0,764416.67,-,-,-,-,-,-,-,-,-,-,0,0,0,756776.67,-,-,-,-,-,-
895184,2019,2019-12-30 00:00:00,2025,2025-04-02 00:00:00,CE,RUSSAS/CE,-4.935428,-37.978384,0.8461,0.7912752474224536,2212887.28,-,-,-,-,-,-,-,-,-,-,0,0,0,2201096.0,-,-,-,-,-,-
895345,2019,2019-12-30 00:00:00,2025,2025-09-30 00:00:00,CE,ITAPIUNA/CE,-4.565419,-38.921154,-,0,400599.79,-,-,-,-,-,-,-,-,-,-,0,0,0,382000.0,-,-,-,-,-,-
897366,2019,2019-12-31 00:00:00,2025,2025-06-17 00:00:00,CE,AQUIRAZ/CE,-3.906312,-38.387504,1,0.7828077575740751,607757.14,-,-,-,-,-,-,-,-,-,-,0,0,0,606541.62,-,-,-,-,-,-
897396,2019,2019-12-31 00:00:00,2025,2025-09-30 00:00:00,CE,ITAPAGE/CE,-3.667709,-39.591776,-,0,532539.85,-,-,-,-,-,-,-,-,-,-,0,0,0,477500.0,-,-,-,-,-,-
899633,2020,2020-07-21 00:00:00,2025,2025-04-01 00:00:00,CE,JAGUARUANA/CE,-4.831508,-37.780997,-,0.8381369836938898,852715.63,-,-,-,-,-,-,-,-,-,-,0,0,0,464631.0,-,-,-,-,-,-
899732,2020,2020-08-26 00:00:00,2023,2023-02-26 00:00:00,CE,BARREIRA/CE,-4.288336,-38.641094,-,-,780000.0,-,-,-,-,-,-,-,-,-,-,0,0,0,0.0,-,-,-,-,-,-
899880,2020,2020-12-31 00:00:00,2023,2023-12-31 00:00:00,CE,QUIXADA/CE,-4.970602,-39.01584,-,-,250000.0,-,-,-,-,-,-,-,-,-,-,0,0,0,0.0,-,-,-,-,-,-
900184,2020,2020-06-22 00:00:00,2025,2025-04-18 00:00:00,CE,PIRES FERREIRA/CE,-4.245318,-40.64375,-,0,450535.93,-,-,-,-,-,-,-,-,-,-,0,0,0,432654.9999999999,-,-,-,-,-,-
900194,2020,2020-11-19 00:00:00,2025,2025-09-30 00:00:00,CE,ITAPAGE/CE,-3.667709,-39.591776,-,0,510489.51,-,-,-,-,-,-,-,-,-,-,0,0,0,481104.0,-,-,-,-,-,-
900196,2020,2020-12-31 00:00:00,2025,2025-09-25 00:00:00,CE,MARANGUAPE/CE,-3.892297,-38.683543,-,0,851033.73,-,-,-,-,-,-,-,-,-,-,0,0,0,767341.0,-,-,-,-,-,-
900429,2020,2020-08-26 00:00:00,2025,2025-04-30 00:00:00,CE,PACATUBA/CE,-3.9841,-38.618038,1,0.8345057996659943,725404.6,-,-,-,-,-,-,-,-,-,-,0,0,0,529554.0,-,-,-,-,-,-
900467,2020,2020-06-30 00:00:00,2025,2025-04-28 00:00:00,CE,IRAUCUBA/CE,-3.746683,-39.78409,-,0.8182550985393502,552645.5,-,-,-,-,-,-,-,-,-,-,0,0,0,481104.0,-,-,-,-,-,-
900469,2020,2020-09-29 00:00:00,2023,2023-09-29 00:00:00,CE,MARTINOPOLE/CE,-3.223511,-40.695883,-,-,287606.0,-,-,-,-,-,-,-,-,-,-,0,0,0,0.0,-,-,-,-,-,-
900471,2020,2020-12-29 00:00:00,2025,2025-04-28 00:00:00,CE,SANTA QUITERIA/CE,-4.333655,-40.154491,-,-,675487.95,-,-,-,-,-,-,-,-,-,-,0,0,0,0.0,-,-,-,-,-,-
900474,2020,2020-09-23 00:00:00,2025,2025-12-30 00:00:00,CE,PIQUET CARNEIRO/CE,-5.800251,-39.417017,-,0.2789737558812452,311424.24,-,-,-,-,-,-,-,-,-,-,0,0,0,287306.0,-,-,-,-,-,-
902390,2020,2020-10-19 00:00:00,2025,2025-04-28 00:00:00,CE,TIANGUA/CE,-3.730733,-41.000402,-,0,297794.48,-,-,-,-,-,-,-,-,-,-,0,0,0,221753.45,-,-,-,-,-,-
902515,2020,2020-10-09 00:00:00,2025,2025-04-02 00:00:00,CE,MADALENA/CE,-4.854296,-39.576644,0.7597,0.7703836401034794,983272.87,-,-,-,-,-,-,-,-,-,-,0,0,0,912356.0,-,-,-,-,-,-
902557,2020,2020-10-09 00:00:00,2025,2025-04-30 00:00:00,CE,MADALENA/CE,-4.854296,-39.576644,0.6,0.4484582259040705,1323765.6,-,-,-,-,-,-,-,-,-,-,0,0,0,976709.0,-,-,-,-,-,-
902759,2020,2020-09-14 00:00:00,2025,2025-04-02 00:00:00,CE,IBICUITINGA/CE,-4.975176,-38.636875,0.8464,0.8454732833200601,2880227.44,-,-,-,-,-,-,-,-,-,-,0,0,0,2870210.0,-,-,-,-,-,-
902790,2020,2020-10-15 00:00:00,2025,2025-04-16 00:00:00,CE,MONSENHOR TABOSA/CE,-4.787951,-40.063949,1,0.9999998571176486,481585.59,-,-,-,-,-,-,-,-,-,-,0,0,0,349456.66,-,-,-,-,-,-
903761,2020,2020-11-06 00:00:00,2025,2025-06-17 00:00:00,CE,EUSEBIO/CE,-3.888984,-38.454659,0.6615,0.8848271661214526,8170428.95,-,-,-,-,-,-,-,-,-,-,0,0,0,7500000.0,-,-,-,-,-,-
903763,2020,2020-10-21 00:00:00,2025,2025-04-02 00:00:00,CE,FORTIM/CE,-4.451256,-37.798056,-,0.4786255876973799,4435324.58,-,-,-,-,-,-,-,-,-,-,0,0,0,4115421.0,-,-,-,-,-,-
903925,2020,2020-12-30 00:00:00,2025,2025-06-30 00:00:00,CE,BREJO SANTO/CE,-7.490984,-38.985915,-,0,481604.0,-,-,-,-,-,-,-,-,-,-,0,0,0,481104.0,-,-,-,-,-,-
904087,2020,2020-12-31 00:00:00,2025,2025-06-30 00:00:00,CE,PACAJUS/CE,-4.171073,-38.464988,-,-,355715.57,-,-,-,-,-,-,-,-,-,-,0,0,0,0.0,-,-,-,-,-,-
904312,2020,2020-12-28 00:00:00,2025,2025-10-01 00:00:00,CE,IPUEIRAS/CE,-4.542714,-40.716846,-,-,1410521.22,-,-,-,-,-,-,-,-,-,-,0,0,0,0.0,-,-,-,-,-,-
904341,2020,2020-12-14 00:00:00,2025,2025-05-28 00:00:00,CE,CHORO/CE,-4.843573,-39.139307,-,0.6057518269192942,2026289.85,-,-,-,-,-,-,-,-,-,-,0,0,0,1147413.6,-,-,-,-,-,-
906108,2020,2020-12-30 00:00:00,2025,2025-04-30 00:00:00,CE,SAO JOAO DO JAGUARIBE/CE,-5.271944,-38.271993,-,0.6657802730303006,451333.96,-,-,-,-,-,-,-,-,-,-,0,0,0,444466.96,-,-,-,-,-,-
906256,2020,2020-12-31 00:00:00,2024,2024-09-30 00:00:00,CE,PACATUBA/CE,-3.9841,-38.618038,-,-,7156950.28,-,-,-,-,-,-,-,-,-,-,0,0,0,0.0,-,-,-,-,-,-
906273,2020,2020-12-24 00:00:00,2025,2025-09-30 00:00:00,CE,HORIZONTE/CE,-4.096462,-38.496557,0.7387,0.8685015860439694,6714357.37,-,-,-,-,-,-,-,-,-,-,0,0,0,6431183.11,-,-,-,-,-,-
906495,2020,2020-12-31 00:00:00,2025,2025-06-30 00:00:00,CE,UMIRIM/CE,-3.677774,-39.348725,0.7004,0.3307912934832083,984360.37,-,-,-,-,-,-,-,-,-,-,0,0,0,960019.0,-,-,-,-,-,-
906496,2020,2020-12-31 00:00:00,2025,2025-06-30 00:00:00,CE,AURORA/CE,30.443485,-84.47181,-,0.5757982108385303,680000.0,-,-,-,-,-,-,-,-,-,-,0,0,0,674903.0,-,-,-,-,-,-
906548,2020,2020-12-31 00:00:00,2025,2025-06-30 00:00:00,CE,GUARAMIRANGA/CE,-4.261578,-38.934011,-,0.7289297527814909,438526.12,-,-,-,-,-,-,-,-,-,-,0,0,0,432655.0,-,-,-,-,-,-
906741,2020,2020-12-31 00:00:00,2023,2023-06-30 00:00:00,CE,QUIXADA/CE,-4.970602,-39.01584,-,-,968019.0,-,-,-,-,-,-,-,-,-,-,0,0,0,0.0,-,-,-,-,-,-
906848,2020,2020-12-31 00:00:00,2025,2025-12-31 00:00:00,CE,TAUA/CE,-6.003137,-40.294727,-,0.2695448311296231,5059460.11,-,-,-,-,-,-,-,-,-,-,0,0,0,5000000.0,-,-,-,-,-,-
906879,2020,2020-12-31 00:00:00,2023,2023-12-31 00:00:00,CE,AQUIRAZ/CE,-3.906312,-38.387504,-,-,1917356.0,-,-,-,-,-,-,-,-,-,-,0,0,0,0.0,-,-,-,-,-,-
906932,2020,2020-12-29 00:00:00,2025,2025-12-30 00:00:00,CE,ACOPIARA/CE,-6.093646,-39.45432,-,-,962019.0,-,-,-,-,-,-,-,-,-,-,0,0,0,0.0,-,-,-,-,-,-
907191,2020,2020-12-30 00:00:00,2025,2025-12-30 00:00:00,CE,TAUA/CE,-6.003137,-40.294727,0.6773,0.6761996108010341,20509496.32,-,-,-,-,-,-,-,-,-,-,0,0,0,20306432.0,-,-,-,-,-,-
907194,2020,2020-12-31 00:00:00,2023,2023-12-31 00:00:00,CE,ALTO SANTO/CE,-5.519037,-38.271935,-,-,675903.0,-,-,-,-,-,-,-,-,-,-,0,0,0,0.0,-,-,-,-,-,-
907230,2020,2020-12-30 00:00:00,2022,2022-12-30 00:00:00,CE,CAPISTRANO/CE,-4.464469,-38.895673,-,-,969619.19,-,-,-,-,-,-,-,-,-,-,0,0,0,0.0,-,-,-,-,-,-
908229,2020,2020-12-31 00:00:00,2025,2025-06-30 00:00:00,CE,SENADOR POMPEU/CE,-5.587439,-39.37309,0.6425,0.84940500791488,949261.41,-,-,-,-,-,-,-,-,-,-,0,0,0,941123.0,-,-,-,-,-,-
908231,2020,2020-12-31 00:00:00,2025,2025-09-30 00:00:00,CE,UMARI/CE,-6.64651,-38.699515,-,0.5875924008874516,481589.0,-,-,-,-,-,-,-,-,-,-,0,0,0,481104.0,-,-,-,-,-,-
908250,2020,2020-12-31 00:00:00,2025,2025-09-30 00:00:00,CE,HORIZONTE/CE,-4.096462,-38.496557,-,0.2386697656919596,3102687.38,-,-,-,-,-,-,-,-,-,-,0,0,0,2996647.0,-,-,-,-,-,-
908251,2020,2020-12-31 00:00:00,2024,2024-06-30 00:00:00,CE,PACATUBA/CE,-3.9841,-38.618038,-,-,3084865.05,-,-,-,-,-,-,-,-,-,-,0,0,0,0.0,-,-,-,-,-,-
908748,2020,2020-12-31 00:00:00,2025,2025-06-30 00:00:00,CE,PIQUET CARNEIRO/CE,-5.800251,-39.417017,0.6079,0.8424175249021546,4800000.0,-,-,-,-,-,-,-,-,-,-,0,0,0,4687690.2,-,-,-,-,-,-
909312,2020,2020-12-31 00:00:00,2025,2025-09-30 00:00:00,CE,TAUA/CE,-6.003137,-40.294727,0.7112,0.7831858750606377,5089152.14,-,-,-,-,-,-,-,-,-,-,0,0,0,4975000.0,-,-,-,-,-,-
909313,2020,2020-12-31 00:00:00,2025,2025-12-31 00:00:00,CE,TAUA/CE,-6.003137,-40.294727,-,0.9884535185320034,18970101.8,-,-,-,-,-,-,-,-,-,-,0,0,0,4169665.94,-,-,-,-,-,-
909623,2020,2020-12-31 00:00:00,2025,2025-06-30 00:00:00,CE,ITAPIUNA/CE,-4.565419,-38.921154,-,0,1839985.52,-,-,-,-,-,-,-,-,-,-,0,0,0,735258.22,-,-,-,-,-,-
911323,2021,2021-09-27 00:00:00,2025,2025-09-27 00:00:00,CE,SABOEIRO/CE,-6.539564,-39.90478,-,0.8498629110067206,1917356.0,-,-,-,-,-,-,-,-,-,-,0,0,0,382471.2,-,-,-,-,-,-
912154,2021,2021-09-21 00:00:00,2025,2025-09-21 00:00:00,CE,RUSSAS/CE,-4.935428,-37.978384,-,0.3797252228821172,2341196.48,-,-,-,-,-,-,-,-,-,-,0,0,0,1147413.6,-,-,-,-,-,-
912488,2021,2021-10-14 00:00:00,2025,2025-06-17 00:00:00,CE,BELA CRUZ/CE,-3.052913,-40.167582,0.6021,0.2678858374839199,959004.44,-,-,-,-,-,-,-,-,-,-,0,0,0,958004.44,-,-,-,-,-,-
912537,2021,2021-10-14 00:00:00,2025,2025-04-02 00:00:00,CE,ITAICABA/CE,-4.68054,-37.823997,-,-,281064.63,-,-,-,-,-,-,-,-,-,-,0,0,0,0.0,-,-,-,-,-,-
912624,2021,2021-10-25 00:00:00,2025,2025-09-30 00:00:00,CE,UMIRIM/CE,-3.677774,-39.348725,-,0,1025542.8,-,-,-,-,-,-,-,-,-,-,0,0,0,1024517.26,-,-,-,-,-,-
912714,2021,2021-09-21 00:00:00,2025,2025-09-16 00:00:00,CE,MORRINHOS/CE,-3.227575,-40.128078,-,0,1011735.89,-,-,-,-,-,-,-,-,-,-,0,0,0,960019.0,-,-,-,-,-,-
912792,2021,2021-11-19 00:00:00,2025,2025-04-30 00:00:00,CE,TAMBORIL/CE,-4.833007,-40.321032,-,0,290812.32,-,-,-,-,-,-,-,-,-,-,0,0,0,287306.0,-,-,-,-,-,-
912822,2021,2021-09-29 00:00:00,2025,2025-09-29 00:00:00,CE,ITAREMA/CE,-2.922468,-39.915218,-,-,1915814.0,-,-,-,-,-,-,-,-,-,-,0,0,0,0.0,-,-,-,-,-,-
912856,2021,2021-11-05 00:00:00,2025,2025-04-02 00:00:00,CE,BEBERIBE/CE,-4.181047,-38.12981,-,0,269404.97,-,-,-,-,-,-,-,-,-,-,0,0,0,238856.0,-,-,-,-,-,-
912865,2021,2021-08-24 00:00:00,2025,2025-04-30 00:00:00,CE,ITAITINGA/CE,-3.965768,-38.529763,-,0.8237957059321656,481585.59,-,-,-,-,-,-,-,-,-,-,0,0,0,481104.0,-,-,-,-,-,-
912927,2021,2021-10-06 00:00:00,2025,2025-04-02 00:00:00,CE,QUIXADA/CE,-4.970602,-39.01584,0.8334,0.7868829527411797,960018.04,-,-,-,-,-,-,-,-,-,-,0,0,0,958098.0,-,-,-,-,-,-
913098,2021,2021-10-25 00:00:00,2025,2025-05-28 00:00:00,CE,FORQUILHA/CE,-3.799447,-40.263405,-,-,593150.95,-,-,-,-,-,-,-,-,-,-,0,0,0,0.0,-,-,-,-,-,-
913489,2021,2021-12-14 00:00:00,2026,2026-12-14 00:00:00,CE,AQUIRAZ/CE,-3.906312,-38.387504,-,0.93859933843733,20781454.96,-,-,-,-,-,-,-,-,-,-,0,0,0,10390829.44,-,-,-,-,-,-
913897,2021,2021-08-24 00:00:00,2025,2025-12-30 00:00:00,CE,DEPUTADO IRAPUAN PINHEIRO/CE,-5.917353,-39.26721,-,-,248800.0,-,-,-,-,-,-,-,-,-,-,0,0,0,0.0,-,-,-,-,-,-
914292,2021,2021-10-04 00:00:00,2025,2025-12-30 00:00:00,CE,BREJO SANTO/CE,-7.490984,-38.985915,-,0,675610.0,-,-,-,-,-,-,-,-,-,-,0,0,0,674903.0,-,-,-,-,-,-
914868,2021,2021-10-25 00:00:00,2025,2025-04-02 00:00:00,CE,ITAICABA/CE,-4.68054,-37.823997,-,-,593447.02,-,-,-,-,-,-,-,-,-,-,0,0,0,0.0,-,-,-,-,-,-
914913,2021,2021-12-28 00:00:00,2025,2025-09-25 00:00:00,CE,MARANGUAPE/CE,-3.892297,-38.683543,-,-,482104.0,-,-,-,-,-,-,-,-,-,-,0,0,0,0.0,-,-,-,-,-,-
915106,2021,2021-08-31 00:00:00,2025,2025-07-31 00:00:00,CE,NOVA RUSSAS/CE,-4.705168,-40.565519,-,0.2197998004803944,2363478.71,-,-,-,-,-,-,-,-,-,-,0,0,0,1996647.0,-,-,-,-,-,-
915131,2021,2021-10-25 00:00:00,2025,2025-05-28 00:00:00,CE,FORQUILHA/CE,-3.799447,-40.263405,0.7013000000000001,0.4533521419560719,1034833.22,-,-,-,-,-,-,-,-,-,-,0,0,0,915591.4,-,-,-,-,-,-
915140,2021,2021-10-25 00:00:00,2025,2025-09-30 00:00:00,CE,ALCANTARAS/CE,-3.586247,-40.545764,-,0,323386.28,-,-,-,-,-,-,-,-,-,-,0,0,0,287306.0,-,-,-,-,-,-
915144,2021,2021-10-25 00:00:00,2025,2025-05-28 00:00:00,CE,FORQUILHA/CE,-3.799447,-40.263405,-,-,570507.63,-,-,-,-,-,-,-,-,-,-,0,0,0,0.0,-,-,-,-,-,-
915157,2021,2021-11-18 00:00:00,2025,2025-05-28 00:00:00,CE,IRAUCUBA/CE,-3.746683,-39.78409,-,0.1049287545190958,481585.59,-,-,-,-,-,-,-,-,-,-,0,0,0,481104.0,-,-,-,-,-,-
915172,2021,2021-08-31 00:00:00,2025,2025-07-31 00:00:00,CE,NOVA RUSSAS/CE,-4.705168,-40.565519,0.7024000000000001,0.8560324421157554,4791000.0,-,-,-,-,-,-,-,-,-,-,0,0,0,4785919.000000001,-,-,-,-,-,-
915252,2021,2021-11-29 00:00:00,2025,2025-05-28 00:00:00,CE,IRAUCUBA/CE,-3.746683,-39.78409,-,0.4107411029381598,563024.65,-,-,-,-,-,-,-,-,-,-,0,0,0,529554.0,-,-,-,-,-,-
915423,2021,2021-09-30 00:00:00,2025,2025-04-30 00:00:00,CE,CHAVAL/CE,-3.033987,-41.243845,-,0,681903.0,-,-,-,-,-,-,-,-,-,-,0,0,0,674903.0,-,-,-,-,-,-
915526,2021,2021-10-26 00:00:00,2025,2025-12-30 00:00:00,CE,CATARINA/CE,-6.134048,-39.879175,-,0,489919.02,-,-,-,-,-,-,-,-,-,-,0,0,0,480622.0,-,-,-,-,-,-
915703,2021,2021-11-17 00:00:00,2025,2025-10-01 00:00:00,CE,TIANGUA/CE,-3.730733,-41.000402,-,-,578621.31,-,-,-,-,-,-,-,-,-,-,0,0,0,0.0,-,-,-,-,-,-
915719,2021,2021-12-28 00:00:00,2025,2025-12-30 00:00:00,CE,CRATO/CE,-7.236911,-39.414924,-,0,482104.0,-,-,-,-,-,-,-,-,-,-,0,0,0,481104.0,-,-,-,-,-,-
915976,2021,2021-10-29 00:00:00,2025,2025-09-30 00:00:00,CE,PINDORETAMA/CE,-4.026518,-38.306683,-,-,1292188.23,-,-,-,-,-,-,-,-,-,-,0,0,0,0.0,-,-,-,-,-,-
916374,2021,2021-10-25 00:00:00,2025,2025-05-28 00:00:00,CE,FORQUILHA/CE,-3.799447,-40.263405,-,-,659948.28,-,-,-,-,-,-,-,-,-,-,0,0,0,0.0,-,-,-,-,-,-
916377,2021,2021-11-09 00:00:00,2026,2026-11-09 00:00:00,CE,GRANJA/CE,-3.121206,-40.828412,-,-,5277689.96,-,-,-,-,-,-,-,-,-,-,0,0,0,0.0,-,-,-,-,-,-
916550,2021,2021-12-13 00:00:00,2025,2025-05-28 00:00:00,CE,UBAJARA/CE,-3.853447,-40.918564,-,-,516974.7,-,-,-,-,-,-,-,-,-,-,0,0,0,0.0,-,-,-,-,-,-
916553,2021,2021-11-03 00:00:00,2025,2025-04-30 00:00:00,CE,CAPISTRANO/CE,-4.464469,-38.895673,-,-,969619.19,-,-,-,-,-,-,-,-,-,-,0,0,0,0.0,-,-,-,-,-,-
916612,2021,2021-12-21 00:00:00,2026,2026-12-21 00:00:00,CE,JUAZEIRO DO NORTE/CE,-7.215345,-39.315334,0.6521000000000001,0.9084154225194819,13552151.68,-,-,-,-,-,-,-,-,-,-,0,0,0,9565615.81,-,-,-,-,-,-
917459,2021,2021-12-14 00:00:00,2026,2026-12-14 00:00:00,CE,AQUIRAZ/CE,-3.906312,-38.387504,-,0.07691714487081823,14400000.0,-,-,-,-,-,-,-,-,-,-,0,0,0,2872892.6,-,-,-,-,-,-
917474,2021,2021-10-26 00:00:00,2025,2025-10-26 00:00:00,CE,MARCO/CE,-3.122194,-40.151458,-,0.7973749255380449,1914249.7,-,-,-,-,-,-,-,-,-,-,0,0,0,382088.6,-,-,-,-,-,-
917477,2021,2021-11-10 00:00:00,2025,2025-09-30 00:00:00,CE,RERIUTABA/CE,-4.141835,-40.582436,-,-,526848.22,-,-,-,-,-,-,-,-,-,-,0,0,0,0.0,-,-,-,-,-,-
917494,2021,2021-12-24 00:00:00,2025,2025-09-30 00:00:00,CE,TAMBORIL/CE,-4.833007,-40.321032,-,-,481585.59,-,-,-,-,-,-,-,-,-,-,0,0,0,0.0,-,-,-,-,-,-
917617,2021,2021-11-16 00:00:00,2025,2025-04-28 00:00:00,CE,PARACURU/CE,-3.41436,-39.030028,-,0.1972224709663785,481585.59,-,-,-,-,-,-,-,-,-,-,0,0,0,431192.52,-,-,-,-,-,-
918170,2021,2021-12-21 00:00:00,2025,2025-04-01 00:00:00,CE,CARIRE/CE,-3.948584,-40.476028,1,0.9998929035210105,536309.37,-,-,-,-,-,-,-,-,-,-,0,0,0,370681.06,-,-,-,-,-,-
922893,2021,2021-12-30 00:00:00,2025,2025-12-30 00:00:00,CE,PENTECOSTE/CE,-3.795025,-39.267073,0.6454,0.9999999967689925,4795490.84,-,-,-,-,-,-,-,-,-,-,0,0,0,3088832.12,-,-,-,-,-,-
923264,2021,2021-12-31 00:00:00,2025,2025-04-30 00:00:00,CE,PARAIPABA/CE,-3.437987,-39.147868,1,0.812246841941328,1477494.89,-,-,-,-,-,-,-,-,-,-,0,0,0,1441714.0,-,-,-,-,-,-
923764,2021,2021-12-31 00:00:00,2025,2025-11-30 00:00:00,CE,JAGUARIBARA/CE,-5.454494,-38.467929,-,0.5550025052121237,1914356.0,-,-,-,-,-,-,-,-,-,-,0,0,0,1912356.0,-,-,-,-,-,-
923770,2021,2021-12-31 00:00:00,2025,2025-04-28 00:00:00,CE,PARAIPABA/CE,-3.437987,-39.147868,1,0.7914730935578512,1373560.79,-,-,-,-,-,-,-,-,-,-,0,0,0,1372060.79,-,-,-,-,-,-
923785,2021,2021-12-30 00:00:00,2024,2024-09-30 00:00:00,CE,UMIRIM/CE,-3.677774,-39.348725,-,-,961019.0,-,-,-,-,-,-,-,-,-,-,0,0,0,0.0,-,-,-,-,-,-
924482,2021,2021-12-31 00:00:00,2025,2025-04-01 00:00:00,CE,PARAIPABA/CE,-3.437987,-39.147868,1,0.8094836886062058,1001839.75,-,-,-,-,-,-,-,-,-,-,0,0,0,960019.0,-,-,-,-,-,-
924726,2021,2021-12-31 00:00:00,2025,2025-12-31 00:00:00,CE,IPU/CE,-4.323982,-40.709746,0.795,0.7364007734054872,4912748.68,-,-,-,-,-,-,-,-,-,-,0,0,0,3804805.610000001,-,-,-,-,-,-
924727,2021,2021-12-31 00:00:00,2025,2025-12-30 00:00:00,CE,VARZEA ALEGRE/CE,-6.793609,-39.298933,-,0.4620137154291296,1705490.08,-,-,-,-,-,-,-,-,-,-,0,0,0,1441714.0,-,-,-,-,-,-
924830,2021,2021-12-31 00:00:00,2025,2025-12-31 00:00:00,CE,UBAJARA/CE,-3.853447,-40.918564,-,0,1942484.59,-,-,-,-,-,-,-,-,-,-,0,0,0,907795.39,-,-,-,-,-,-
924844,2021,2021-12-31 00:00:00,2025,2025-12-31 00:00:00,CE,TEJUCUOCA/CE,-3.988427,-39.57974,-,-,1640000.0,-,-,-,-,-,-,-,-,-,-,0,0,0,0.0,-,-,-,-,-,-
924856,2021,2021-12-31 00:00:00,2025,2025-12-31 00:00:00,CE,AIUABA/CE,-6.571084,-40.121228,-,0.4891967266502151,1915102.43,-,-,-,-,-,-,-,-,-,-,0,0,0,1147413.6,-,-,-,-,-,-
924857,2021,2021-12-31 00:00:00,2025,2025-04-30 00:00:00,CE,MIRAIMA/CE,-3.568674,-39.966267,-,-,675603.0,-,-,-,-,-,-,-,-,-,-,0,0,0,0.0,-,-,-,-,-,-
925133,2021,2021-12-31 00:00:00,2025,2025-09-30 00:00:00,CE,BARROQUINHA/CE,-3.020037,-41.133923,-,0.321534607376205,991673.56,-,-,-,-,-,-,-,-,-,-,0,0,0,960019.0,-,-,-,-,-,-
925151,2021,2021-12-31 00:00:00,2025,2025-04-30 00:00:00,CE,CAPISTRANO/CE,-4.464469,-38.895673,-,-,730585.52,-,-,-,-,-,-,-,-,-,-,0,0,0,0.0,-,-,-,-,-,-
925196,2021,2021-12-31 00:00:00,2025,2025-12-30 00:00:00,CE,MISSAO VELHA/CE,-7.248491,-39.143484,-,0.5660161693206331,1226692.37,-,-,-,-,-,-,-,-,-,-,0,0,0,1200867.0,-,-,-,-,-,-
925789,2021,2021-12-31 00:00:00,2025,2025-04-30 00:00:00,CE,AURORA/CE,30.443485,-84.47181,-,0.9996966388363081,488320.66,-,-,-,-,-,-,-,-,-,-,0,0,0,481104.0,-,-,-,-,-,-
925790,2021,2021-12-31 00:00:00,2025,2025-12-31 00:00:00,CE,SALITRE/CE,-7.285445,-40.457306,-,0.5267887491611186,1914356.0,-,-,-,-,-,-,-,-,-,-,0,0,0,1912356.0,-,-,-,-,-,-
925791,2021,2021-12-31 00:00:00,2025,2025-11-30 00:00:00,CE,JAGUARIBE/CE,-5.885459,-38.621296,0.7257000000000001,0.4635870071185511,1958364.53,-,-,-,-,-,-,-,-,-,-,0,0,0,1912356.0,-,-,-,-,-,-
925817,2021,2021-12-31 00:00:00,2025,2025-04-25 00:00:00,CE,SAO JOAO DO JAGUARIBE/CE,-5.271944,-38.271993,-,0.2407672367967359,481979.49,-,-,-,-,-,-,-,-,-,-,0,0,0,481104.0,-,-,-,-,-,-
925821,2021,2021-12-31 00:00:00,2025,2025-09-30 00:00:00,CE,BARREIRA/CE,-4.288336,-38.641094,-,0.4620545154639175,970000.0,-,-,-,-,-,-,-,-,-,-,0,0,0,960019.0,-,-,-,-,-,-
928465,2022,2022-05-11 00:00:00,2025,2025-04-25 00:00:00,CE,PIQUET CARNEIRO/CE,-5.800251,-39.417017,-,-,500000.0,-,-,-,-,-,-,-,-,-,-,0,0,0,0.0,-,-,-,-,-,-
928476,2022,2022-05-13 00:00:00,2025,2025-05-13 00:00:00,CE,ARACOIABA/CE,-4.370258,-38.808431,-,0,578581.59,-,-,-,-,-,-,-,-,-,-,0,0,0,578003.0,-,-,-,-,-,-
928500,2022,2022-05-04 00:00:00,2025,2025-05-04 00:00:00,CE,FARIAS BRITO/CE,-6.927282,-39.571422,-,0.4874824400295527,580000.0,-,-,-,-,-,-,-,-,-,-,0,0,0,578003.0,-,-,-,-,-,-
928525,2022,2022-05-31 00:00:00,2026,2026-05-31 00:00:00,CE,CRUZ/CE,-2.918128,-40.175981,0.6782000000000001,0.2986208619455833,1985159.0,-,-,-,-,-,-,-,-,-,-,0,0,0,1322532.05,-,-,-,-,-,-
928526,2022,2022-05-04 00:00:00,2025,2025-04-18 00:00:00,CE,JAGUARETAMA/CE,-5.609242,-38.763008,-,0,691271.82,-,-,-,-,-,-,-,-,-,-,0,0,0,597076.0,-,-,-,-,-,-
928553,2022,2022-05-11 00:00:00,2025,2025-05-11 00:00:00,CE,CANINDE/CE,-4.354795,-39.310852,-,0,482068.13,-,-,-,-,-,-,-,-,-,-,0,0,0,481104.0,-,-,-,-,-,-
928558,2022,2022-05-31 00:00:00,2025,2025-05-31 00:00:00,CE,ITAPIUNA/CE,-4.565419,-38.921154,-,-,643440.06,-,-,-,-,-,-,-,-,-,-,0,0,0,0.0,-,-,-,-,-,-
931568,2022,2022-07-19 00:00:00,2025,2025-07-19 00:00:00,CE,JAGUARETAMA/CE,-5.609242,-38.763008,-,-,962000.0,-,-,-,-,-,-,-,-,-,-,0,0,0,0.0,-,-,-,-,-,-
931595,2022,2022-07-25 00:00:00,2025,2025-07-25 00:00:00,CE,PARAMBU/CE,-6.212386,-40.695498,-,0.6394254995011427,444223.16,-,-,-,-,-,-,-,-,-,-,0,0,0,403585.0,-,-,-,-,-,-
931981,2023,2023-02-23 00:00:00,2026,2026-02-23 00:00:00,CE,CRATEUS/CE,-5.178245,-40.669655,-,-,433163.33,-,-,-,-,-,-,-,-,-,-,0,0,0,0.0,-,-,-,-,-,-
932621,2022,2022-09-30 00:00:00,2026,2026-09-30 00:00:00,CE,QUIXELO/CE,-6.251124,-39.199546,-,0.9932726693148318,3050050.07,-,-,-,-,-,-,-,-,-,-,0,0,0,574042.0,-,-,-,-,-,-
932622,2022,2022-09-20 00:00:00,2026,2026-09-20 00:00:00,CE,CRATO/CE,-7.236911,-39.414924,-,0.1927991074373203,4110264.0,-,-,-,-,-,-,-,-,-,-,0,0,0,4096264.0,-,-,-,-,-,-
934957,2022,2022-09-30 00:00:00,2026,2026-09-30 00:00:00,CE,TIANGUA/CE,-3.730733,-41.000402,-,-,2030828.79,-,-,-,-,-,-,-,-,-,-,0,0,0,0.0,-,-,-,-,-,-
937593,2022,2022-12-31 00:00:00,2026,2026-12-31 00:00:00,CE,ITATIRA/CE,-4.53055,-39.621048,0.7993000000000001,0.7946215903065365,2873083.09,-,-,-,-,-,-,-,-,-,-,0,0,0,2870210.0,-,-,-,-,-,-
937673,2022,2022-12-28 00:00:00,2027,2027-12-28 00:00:00,CE,NOVA RUSSAS/CE,-4.705168,-40.565519,-,0,7670000.0,-,-,-,-,-,-,-,-,-,-,0,0,0,7659482.0,-,-,-,-,-,-
937676,2022,2022-12-28 00:00:00,2027,2027-12-28 00:00:00,CE,QUITERIANOPOLIS/CE,-5.845812,-40.702181,0.7000000000000002,0.7771176932717422,7667149.15,-,-,-,-,-,-,-,-,-,-,0,0,0,7659482.0,-,-,-,-,-,-
937683,2022,2022-12-31 00:00:00,2026,2026-12-31 00:00:00,CE,ITAITINGA/CE,-3.965768,-38.529763,-,0.4188642793133042,4790919.0,-,-,-,-,-,-,-,-,-,-,0,0,0,2871551.4,-,-,-,-,-,-
938005,2022,2022-12-31 00:00:00,2026,2026-12-31 00:00:00,CE,MILHA/CE,-5.68346,-39.197088,0.7077,0.8573440500812929,3640494.0,-,-,-,-,-,-,-,-,-,-,0,0,0,3636494.0,-,-,-,-,-,-
938023,2022,2022-12-30 00:00:00,2026,2026-12-30 00:00:00,CE,GRANJA/CE,-3.121206,-40.828412,-,-,2875961.92,-,-,-,-,-,-,-,-,-,-,0,0,0,0.0,-,-,-,-,-,-
939211,2022,2022-12-30 00:00:00,2026,2026-12-30 00:00:00,CE,CHORO/CE,-4.843573,-39.139307,-,-,2874599.86,-,-,-,-,-,-,-,-,-,-,0,0,0,0.0,-,-,-,-,-,-
939217,2022,2022-12-30 00:00:00,2026,2026-12-30 00:00:00,CE,GUAIUBA/CE,-4.041266,-38.636908,-,-,2873210.0,-,-,-,-,-,-,-,-,-,-,0,0,0,0.0,-,-,-,-,-,-
939233,2022,2022-12-30 00:00:00,2027,2027-12-30 00:00:00,CE,NOVA RUSSAS/CE,-4.705168,-40.565519,0.7595,0.8442575039610626,9586000.0,-,-,-,-,-,-,-,-,-,-,0,0,0,9575191.0,-,-,-,-,-,-
939236,2022,2022-12-30 00:00:00,2025,2025-12-30 00:00:00,CE,PALMACIA/CE,-4.147801,-38.846032,-,-,241856.0,-,-,-,-,-,-,-,-,-,-,0,0,0,0.0,-,-,-,-,-,-
939488,2022,2022-12-30 00:00:00,2025,2025-12-30 00:00:00,CE,BAIXIO/CE,-6.730354,-38.71701,1,0.7364949260355029,676000.0,-,-,-,-,-,-,-,-,-,-,0,0,0,674903.0,-,-,-,-,-,-
939528,2022,2022-12-31 00:00:00,2025,2025-12-30 00:00:00,CE,JAGUARIBARA/CE,-5.454494,-38.467929,-,0,1443714.0,-,-,-,-,-,-,-,-,-,-,0,0,0,1441714.0,-,-,-,-,-,-
939705,2022,2022-12-31 00:00:00,2025,2025-12-31 00:00:00,CE,OROS/CE,-6.242754,-38.914115,-,0,485915.0,-,-,-,-,-,-,-,-,-,-,0,0,0,481104.0,-,-,-,-,-,-
939720,2022,2022-12-31 00:00:00,2025,2025-12-30 00:00:00,CE,JAGUARIBARA/CE,-5.454494,-38.467929,-,-,579003.0,-,-,-,-,-,-,-,-,-,-,0,0,0,0.0,-,-,-,-,-,-
939802,2022,2022-12-31 00:00:00,2026,2026-12-31 00:00:00,CE,NOVA RUSSAS/CE,-4.705168,-40.565519,-,0.2911058578444065,1915000.0,-,-,-,-,-,-,-,-,-,-,0,0,0,1912356.0,-,-,-,-,-,-
939830,2022,2022-12-31 00:00:00,2025,2025-12-30 00:00:00,CE,ASSARE/CE,-6.874679,-39.874139,-,0.76777376314975,962000.0,-,-,-,-,-,-,-,-,-,-,0,0,0,960019.0,-,-,-,-,-,-
939859,2022,2022-12-31 00:00:00,2025,2025-12-31 00:00:00,CE,PARAIPABA/CE,-3.437987,-39.147868,-,0,1211712.0,-,-,-,-,-,-,-,-,-,-,0,0,0,1210500.0,-,-,-,-,-,-
939886,2022,2022-12-31 00:00:00,2025,2025-12-31 00:00:00,CE,MARANGUAPE/CE,-3.892297,-38.683543,-,-,482104.0,-,-,-,-,-,-,-,-,-,-,0,0,0,0.0,-,-,-,-,-,-
939887,2022,2022-12-31 00:00:00,2025,2025-12-31 00:00:00,CE,ITAPIUNA/CE,-4.565419,-38.921154,-,-,580982.98,-,-,-,-,-,-,-,-,-,-,0,0,0,0.0,-,-,-,-,-,-
939952,2022,2022-12-31 00:00:00,2025,2025-12-31 00:00:00,CE,QUIXELO/CE,-6.251124,-39.199546,-,0.2294407523796889,981355.35,-,-,-,-,-,-,-,-,-,-,0,0,0,960019.0,-,-,-,-,-,-
939957,2023,2023-03-16 00:00:00,2026,2026-03-16 00:00:00,CE,VARJOTA/CE,-4.195835,-40.473531,-,-,483377.97,-,-,-,-,-,-,-,-,-,-,0,0,0,0.0,-,-,-,-,-,-
939969,2023,2023-02-23 00:00:00,2026,2026-02-23 00:00:00,CE,CRATEUS/CE,-5.178245,-40.669655,-,-,1456276.77,-,-,-,-,-,-,-,-,-,-,0,0,0,0.0,-,-,-,-,-,-
939997,2022,2022-12-31 00:00:00,2025,2025-12-31 00:00:00,CE,JARDIM/CE,-7.583897,-39.279713,1,0.7510426958779806,239856.0,-,-,-,-,-,-,-,-,-,-,0,0,0,238856.0,-,-,-,-,-,-
940015,2022,2022-12-31 00:00:00,2027,2027-12-31 00:00:00,CE,RERIUTABA/CE,-4.141835,-40.582436,-,0.5062872100164348,11502402.41,-,-,-,-,-,-,-,-,-,-,0,0,0,2261045.98,-,-,-,-,-,-
940016,2022,2022-12-31 00:00:00,2026,2026-12-30 00:00:00,CE,PIRES FERREIRA/CE,-4.245318,-40.64375,0.6016,0.8992029424501815,2879025.77,-,-,-,-,-,-,-,-,-,-,0,0,0,2870210.0,-,-,-,-,-,-
940024,2022,2022-12-31 00:00:00,2025,2025-12-31 00:00:00,CE,QUIXERE/CE,-5.074284,-37.989283,-,0.3273722441497071,1037365.87,-,-,-,-,-,-,-,-,-,-,0,0,0,960019.0,-,-,-,-,-,-
943176,2023,2023-08-25 00:00:00,2026,2026-08-25 00:00:00,CE,TEJUCUOCA/CE,-3.988427,-39.57974,-,-,961019.0,-,-,-,-,-,-,-,-,-,-,0,0,0,0.0,-,-,-,-,-,-
943195,2023,2023-08-17 00:00:00,2026,2026-08-17 00:00:00,CE,ALTO SANTO/CE,-5.519037,-38.271935,-,-,385205.0,-,-,-,-,-,-,-,-,-,-,0,0,0,0.0,-,-,-,-,-,-
943196,2023,2023-08-17 00:00:00,2026,2026-08-17 00:00:00,CE,JAGUARIBARA/CE,-5.454494,-38.467929,-,-,962019.0,-,-,-,-,-,-,-,-,-,-,0,0,0,0.0,-,-,-,-,-,-
943197,2023,2023-08-29 00:00:00,2026,2026-08-29 00:00:00,CE,MADALENA/CE,-4.854296,-39.576644,-,-,583003.0,-,-,-,-,-,-,-,-,-,-,0,0,0,0.0,-,-,-,-,-,-
943198,2023,2023-08-17 00:00:00,2027,2027-08-17 00:00:00,CE,SAO GONCALO DO AMARANTE/CE,-3.609976,-38.968718,-,-,1932356.0,-,-,-,-,-,-,-,-,-,-,0,0,0,0.0,-,-,-,-,-,-
943199,2023,2023-08-17 00:00:00,2026,2026-08-17 00:00:00,CE,SOLONOPOLE/CE,-5.732909,-39.009867,-,0.2460461892821187,961019.0,-,-,-,-,-,-,-,-,-,-,0,0,0,960019.0,-,-,-,-,-,-
943567,2023,2023-08-24 00:00:00,2026,2026-08-24 00:00:00,CE,QUIXELO/CE,-6.251124,-39.199546,-,0.2279994844539687,482126.0,-,-,-,-,-,-,-,-,-,-,0,0,0,481126.0,-,-,-,-,-,-
943568,2023,2023-08-23 00:00:00,2027,2027-08-23 00:00:00,CE,BAIXIO/CE,-6.730354,-38.71701,-,0.1912853128757321,2875000.0,-,-,-,-,-,-,-,-,-,-,0,0,0,2870210.0,-,-,-,-,-,-
943574,2023,2023-10-19 00:00:00,2026,2026-10-19 00:00:00,CE,PORTEIRAS/CE,-7.534157,-39.115315,-,0.5867020557122998,485000.0,-,-,-,-,-,-,-,-,-,-,0,0,0,481105.0,-,-,-,-,-,-
943587,2023,2023-11-30 00:00:00,2026,2026-11-30 00:00:00,CE,FORQUILHA/CE,-3.799447,-40.263405,-,0.05906338725686687,1067639.23,-,-,-,-,-,-,-,-,-,-,0,0,0,960019.0,-,-,-,-,-,-
943609,2023,2023-08-30 00:00:00,2027,2027-08-30 00:00:00,CE,CRATEUS/CE,-5.178245,-40.669655,-,-,1922356.0,-,-,-,-,-,-,-,-,-,-,0,0,0,0.0,-,-,-,-,-,-
943615,2023,2023-10-31 00:00:00,2026,2026-09-30 00:00:00,CE,BATURITE/CE,-4.32902,-38.882106,-,-,961019.0,-,-,-,-,-,-,-,-,-,-,0,0,0,0.0,-,-,-,-,-,-
943655,2023,2023-08-31 00:00:00,2026,2026-08-31 00:00:00,CE,JAGUARIBARA/CE,-5.454494,-38.467929,-,-,438000.0,-,-,-,-,-,-,-,-,-,-,0,0,0,0.0,-,-,-,-,-,-
943665,2023,2023-08-23 00:00:00,2027,2027-08-23 00:00:00,CE,ANTONINA DO NORTE/CE,-6.77568,-39.987334,0.6685,0.6487457544842892,2108000.0,-,-,-,-,-,-,-,-,-,-,0,0,0,2104023.0,-,-,-,-,-,-
944452,2023,2023-10-31 00:00:00,2027,2027-10-31 00:00:00,CE,PEDRA BRANCA/CE,-5.455674,-39.716629,-,-,2875210.0,-,-,-,-,-,-,-,-,-,-,0,0,0,0.0,-,-,-,-,-,-
944522,2023,2023-10-11 00:00:00,2027,2027-10-11 00:00:00,CE,MOMBACA/CE,-5.74509,-39.629352,-,0,1582107.0,-,-,-,-,-,-,-,-,-,-,0,0,0,1577107.0,-,-,-,-,-,-
944536,2023,2023-10-19 00:00:00,2027,2027-10-19 00:00:00,CE,QUIXERAMOBIM/CE,-5.198355,-39.295557,-,-,3834712.0,-,-,-,-,-,-,-,-,-,-,0,0,0,0.0,-,-,-,-,-,-
945034,2023,2023-10-20 00:00:00,2027,2027-10-20 00:00:00,CE,SOLONOPOLE/CE,-5.732909,-39.009867,-,0.2354188135080846,1691338.72,-,-,-,-,-,-,-,-,-,-,0,0,0,1680570.0,-,-,-,-,-,-
945106,2023,2023-10-30 00:00:00,2027,2027-10-30 00:00:00,CE,PENTECOSTE/CE,-3.795025,-39.267073,-,-,2985018.4,-,-,-,-,-,-,-,-,-,-,0,0,0,0.0,-,-,-,-,-,-
945116,2023,2023-12-21 00:00:00,2027,2027-12-21 00:00:00,CE,ITATIRA/CE,-4.53055,-39.621048,-,0.4185405039360743,3060399.91,-,-,-,-,-,-,-,-,-,-,0,0,0,1894164.99,-,-,-,-,-,-
945132,2023,2023-10-31 00:00:00,2027,2027-10-31 00:00:00,CE,QUITERIANOPOLIS/CE,-5.845812,-40.702181,0.8229,0.8299139368558937,2399283.0,-,-,-,-,-,-,-,-,-,-,0,0,0,2391283.0,-,-,-,-,-,-
945142,2023,2023-10-20 00:00:00,2027,2027-10-20 00:00:00,CE,NOVA RUSSAS/CE,-4.705168,-40.565519,1,0.8618678650407687,7683000.0,-,-,-,-,-,-,-,-,-,-,0,0,0,7674808.0,-,-,-,-,-,-
945160,2023,2023-12-26 00:00:00,2026,2026-12-26 00:00:00,CE,IBICUITINGA/CE,-4.975176,-38.636875,-,-,336755.0,-,-,-,-,-,-,-,-,-,-,0,0,0,0.0,-,-,-,-,-,-
945364,2023,2023-12-18 00:00:00,2026,2026-12-18 00:00:00,CE,JAGUARETAMA/CE,-5.609242,-38.763008,-,-,240000.0,-,-,-,-,-,-,-,-,-,-,0,0,0,0.0,-,-,-,-,-,-
945365,2023,2023-10-20 00:00:00,2027,2027-10-20 00:00:00,CE,MILHA/CE,-5.68346,-39.197088,-,-,3115000.0,-,-,-,-,-,-,-,-,-,-,0,0,0,0.0,-,-,-,-,-,-
945368,2023,2023-10-31 00:00:00,2026,2026-10-31 00:00:00,CE,PARAMBU/CE,-6.212386,-40.695498,-,-,469510.99,-,-,-,-,-,-,-,-,-,-,0,0,0,0.0,-,-,-,-,-,-
945371,2023,2023-11-24 00:00:00,2026,2026-11-24 00:00:00,CE,SAO GONCALO DO AMARANTE/CE,-3.609976,-38.968718,-,-,388974.95,-,-,-,-,-,-,-,-,-,-,0,0,0,0.0,-,-,-,-,-,-
945438,2023,2023-10-24 00:00:00,2027,2027-10-24 00:00:00,CE,CARIRE/CE,-3.948584,-40.476028,-,-,2873110.0,-,-,-,-,-,-,-,-,-,-,0,0,0,0.0,-,-,-,-,-,-
945439,2024,2024-02-26 00:00:00,2027,2027-02-26 00:00:00,CE,CRATEUS/CE,-5.178245,-40.669655,-,-,2927614.02,-,-,-,-,-,-,-,-,-,-,0,0,0,0.0,-,-,-,-,-,-
945440,2023,2023-11-30 00:00:00,2027,2027-11-30 00:00:00,CE,FORQUILHA/CE,-3.799447,-40.263405,-,-,2394283.0,-,-,-,-,-,-,-,-,-,-,0,0,0,0.0,-,-,-,-,-,-
945442,2023,2023-10-23 00:00:00,2027,2027-10-23 00:00:00,CE,GRANJA/CE,-3.121206,-40.828412,-,-,3595796.0,-,-,-,-,-,-,-,-,-,-,0,0,0,0.0,-,-,-,-,-,-
945602,2023,2023-10-31 00:00:00,2027,2027-10-31 00:00:00,CE,ACARAU/CE,-2.886951,-40.119471,-,-,3836341.0,-,-,-,-,-,-,-,-,-,-,0,0,0,0.0,-,-,-,-,-,-
945658,2023,2023-12-14 00:00:00,2026,2026-12-14 00:00:00,CE,GUARACIABA DO NORTE/CE,-4.163292,-40.749598,-,-,848384.45,-,-,-,-,-,-,-,-,-,-,0,0,0,0.0,-,-,-,-,-,-
946077,2023,2023-10-20 00:00:00,2026,2026-10-20 00:00:00,CE,NOVO ORIENTE/CE,-5.535034,-40.77489,-,0.5595443027454364,1395045.0,-,-,-,-,-,-,-,-,-,-,0,0,0,1393545.0,-,-,-,-,-,-
946107,2023,2023-10-31 00:00:00,2027,2027-10-31 00:00:00,CE,PARAMBU/CE,-6.212386,-40.695498,-,-,4833778.19,-,-,-,-,-,-,-,-,-,-,0,0,0,0.0,-,-,-,-,-,-
946979,2023,2023-10-30 00:00:00,2026,2026-10-30 00:00:00,CE,CARIRIACU/CE,-7.041705,-39.283553,-,0.7227500805335393,962000.0,-,-,-,-,-,-,-,-,-,-,0,0,0,960019.0,-,-,-,-,-,-
947159,2023,2023-10-25 00:00:00,2028,2028-09-30 00:00:00,CE,NOVO ORIENTE/CE,-5.535034,-40.77489,-,0.8020529170005131,11502900.0,-,-,-,-,-,-,-,-,-,-,0,0,0,11490900.0,-,-,-,-,-,-
947165,2023,2023-11-28 00:00:00,2028,2028-09-30 00:00:00,CE,JAGUARIBE/CE,-5.885459,-38.621296,0.6623,1,5749733.0,-,-,-,-,-,-,-,-,-,-,0,0,0,1300000.0,-,-,-,-,-,-
947507,2023,2023-11-30 00:00:00,2026,2026-11-30 00:00:00,CE,IPU/CE,-4.323982,-40.709746,-,-,1443214.0,-,-,-,-,-,-,-,-,-,-,0,0,0,0.0,-,-,-,-,-,-
947509,2023,2023-11-09 00:00:00,2026,2026-11-09 00:00:00,CE,TAMBORIL/CE,-4.833007,-40.321032,-,-,2873210.0,-,-,-,-,-,-,-,-,-,-,0,0,0,0.0,-,-,-,-,-,-
947523,2023,2023-10-27 00:00:00,2026,2026-10-27 00:00:00,CE,MIRAIMA/CE,-3.568674,-39.966267,-,-,482004.0,-,-,-,-,-,-,-,-,-,-,0,0,0,0.0,-,-,-,-,-,-
947584,2023,2023-12-22 00:00:00,2026,2026-12-22 00:00:00,CE,OCARA/CE,-4.491065,-38.596483,-,-,579003.0,-,-,-,-,-,-,-,-,-,-,0,0,0,0.0,-,-,-,-,-,-
947852,2023,2023-11-22 00:00:00,2026,2026-11-22 00:00:00,CE,CRATO/CE,-7.236911,-39.414924,-,0.3579956259215039,1150522.38,-,-,-,-,-,-,-,-,-,-,0,0,0,960019.0,-,-,-,-,-,-
948185,2023,2023-12-31 00:00:00,2028,2028-09-30 00:00:00,CE,FORTALEZA/CE,-3.730451,-38.521799,-,-,7686753.52,-,-,-,-,-,-,-,-,-,-,0,0,0,0.0,-,-,-,-,-,-
948259,2023,2023-11-28 00:00:00,2026,2026-11-28 00:00:00,CE,JAGUARIBE/CE,-5.885459,-38.621296,-,0.6508210158482113,239856.0,-,-,-,-,-,-,-,-,-,-,0,0,0,238856.0,-,-,-,-,-,-
948765,2023,2023-12-29 00:00:00,2028,2028-09-30 00:00:00,CE,MARACANAU/CE,-3.877944,-38.62477,-,-,5802000.0,-,-,-,-,-,-,-,-,-,-,0,0,0,0.0,-,-,-,-,-,-
948992,2023,2023-11-30 00:00:00,2026,2026-11-30 00:00:00,CE,JAGUARIBARA/CE,-5.454494,-38.467929,-,-,721000.0,-,-,-,-,-,-,-,-,-,-,0,0,0,0.0,-,-,-,-,-,-
949003,2023,2023-11-22 00:00:00,2027,2027-11-22 00:00:00,CE,ITAPIPOCA/CE,-3.496059,-39.58192,-,-,5806954.06,-,-,-,-,-,-,-,-,-,-,0,0,0,0.0,-,-,-,-,-,-
949012,2023,2023-12-20 00:00:00,2027,2027-12-20 00:00:00,CE,SOBRAL/CE,-3.687914,-40.345637,-,1,15322318.0,-,-,-,-,-,-,-,-,-,-,0,0,0,6067637.93,-,-,-,-,-,-
949074,2023,2023-11-24 00:00:00,2026,2026-11-24 00:00:00,CE,BARBALHA/CE,-7.312107,-39.303643,-,-,240000.0,-,-,-,-,-,-,-,-,-,-,0,0,0,0.0,-,-,-,-,-,-
949287,2023,2023-11-27 00:00:00,2026,2026-11-27 00:00:00,CE,COREAU/CE,-3.551979,-40.652841,-,-,239106.0,-,-,-,-,-,-,-,-,-,-,0,0,0,0.0,-,-,-,-,-,-
949288,2023,2023-12-29 00:00:00,2026,2026-09-30 00:00:00,CE,ALCANTARAS/CE,-3.586247,-40.545764,-,-,239101.0,-,-,-,-,-,-,-,-,-,-,0,0,0,0.0,-,-,-,-,-,-
949338,2023,2023-11-30 00:00:00,2026,2026-11-30 00:00:00,CE,MADALENA/CE,-4.854296,-39.576644,-,-,496019.0,-,-,-,-,-,-,-,-,-,-,0,0,0,0.0,-,-,-,-,-,-
949593,2023,2023-12-26 00:00:00,2027,2027-12-26 00:00:00,CE,NOVO ORIENTE/CE,-5.535034,-40.77489,-,-,1674679.01,-,-,-,-,-,-,-,-,-,-,0,0,0,0.0,-,-,-,-,-,-
949707,2024,2024-02-16 00:00:00,2027,2027-02-16 00:00:00,CE,ITAPAGE/CE,-3.667709,-39.591776,-,-,980019.0,-,-,-,-,-,-,-,-,-,-,0,0,0,0.0,-,-,-,-,-,-
949716,2023,2023-12-21 00:00:00,2026,2026-12-21 00:00:00,CE,MILAGRES/CE,-7.310685,-38.944715,-,-,482104.0,-,-,-,-,-,-,-,-,-,-,0,0,0,0.0,-,-,-,-,-,-
950529,2023,2023-12-07 00:00:00,2027,2027-12-07 00:00:00,CE,BAIXIO/CE,-6.730354,-38.71701,-,0,2238512.26,-,-,-,-,-,-,-,-,-,-,0,0,0,764942.4,-,-,-,-,-,-
950533,2023,2023-12-13 00:00:00,2027,2027-12-13 00:00:00,CE,CARIRIACU/CE,-7.041705,-39.283553,1,-,1736536.86,-,-,-,-,-,-,-,-,-,-,0,0,0,0.0,-,-,-,-,-,-
950598,2023,2023-12-28 00:00:00,2026,2026-12-28 00:00:00,CE,BARRO/CE,-7.171359,-38.774214,-,-,961019.0,-,-,-,-,-,-,-,-,-,-,0,0,0,0.0,-,-,-,-,-,-
950859,2023,2023-12-29 00:00:00,2026,2026-12-29 00:00:00,CE,GUAIUBA/CE,-4.041266,-38.636908,-,-,961019.0,-,-,-,-,-,-,-,-,-,-,0,0,0,0.0,-,-,-,-,-,-
951011,2023,2023-12-21 00:00:00,2029,2029-12-21 00:00:00,CE,FORTALEZA/CE,-3.730451,-38.521799,-,0.008978631382162481,97000000.0,-,-,-,-,-,-,-,-,-,-,0,0,0,32182566.8,-,-,-,-,-,-
951017,2023,2023-12-20 00:00:00,2026,2026-09-30 00:00:00,CE,FORTALEZA/CE,-3.730451,-38.521799,-,-,336094.15,-,-,-,-,-,-,-,-,-,-,0,0,0,0.0,-,-,-,-,-,-
951098,2023,2023-12-13 00:00:00,2026,2026-12-13 00:00:00,CE,ARARIPE/CE,-7.212861,-40.135922,-,-,240000.0,-,-,-,-,-,-,-,-,-,-,0,0,0,0.0,-,-,-,-,-,-
951477,2023,2023-12-28 00:00:00,2026,2026-12-28 00:00:00,CE,LAVRAS DA MANGABEIRA/CE,-6.751955,-38.963402,-,-,969619.19,-,-,-,-,-,-,-,-,-,-,0,0,0,0.0,-,-,-,-,-,-
951639,2023,2023-12-18 00:00:00,2027,2027-12-18 00:00:00,CE,RUSSAS/CE,-4.935428,-37.978384,-,-,3836065.0,-,-,-,-,-,-,-,-,-,-,0,0,0,0.0,-,-,-,-,-,-
952035,2023,2023-12-27 00:00:00,2027,2027-12-27 00:00:00,CE,ITAPIPOCA/CE,-3.496059,-39.58192,-,-,4843350.02,-,-,-,-,-,-,-,-,-,-,0,0,0,0.0,-,-,-,-,-,-
952192,2023,2023-12-31 00:00:00,2027,2027-12-31 00:00:00,CE,ITAPIPOCA/CE,-3.496059,-39.58192,-,-,9670942.91,-,-,-,-,-,-,-,-,-,-,0,0,0,0.0,-,-,-,-,-,-
952714,2023,2023-12-28 00:00:00,2027,2027-12-28 00:00:00,CE,ARACOIABA/CE,-4.370258,-38.808431,-,-,9575191.0,-,-,-,-,-,-,-,-,-,-,0,0,0,0.0,-,-,-,-,-,-
952727,2023,2023-12-28 00:00:00,2027,2027-12-28 00:00:00,CE,FORTALEZA/CE,-3.730451,-38.521799,-,-,10010101.01,-,-,-,-,-,-,-,-,-,-,0,0,0,0.0,-,-,-,-,-,-
952734,2023,2023-12-28 00:00:00,2027,2027-12-28 00:00:00,CE,FORTALEZA/CE,-3.730451,-38.521799,-,-,10121803.73,-,-,-,-,-,-,-,-,-,-,0,0,0,0.0,-,-,-,-,-,-
952737,2023,2023-12-28 00:00:00,2027,2027-12-28 00:00:00,CE,FORQUILHA/CE,-3.799447,-40.263405,-,0,4821419.61,-,-,-,-,-,-,-,-,-,-,0,0,0,1224220.98,-,-,-,-,-,-
952763,2023,2023-12-22 00:00:00,2027,2027-12-22 00:00:00,CE,CHORO/CE,-4.843573,-39.139307,-,-,4790709.71,-,-,-,-,-,-,-,-,-,-,0,0,0,0.0,-,-,-,-,-,-
952779,2023,2023-12-22 00:00:00,2027,2027-12-22 00:00:00,CE,NOVA RUSSAS/CE,-4.705168,-40.565519,-,-,4790919.0,-,-,-,-,-,-,-,-,-,-,0,0,0,0.0,-,-,-,-,-,-
952785,2023,2023-12-22 00:00:00,2026,2026-12-22 00:00:00,CE,PIRES FERREIRA/CE,-4.245318,-40.64375,-,-,1795313.86,-,-,-,-,-,-,-,-,-,-,0,0,0,0.0,-,-,-,-,-,-
952790,2023,2023-12-28 00:00:00,2027,2027-12-28 00:00:00,CE,LAVRAS DA MANGABEIRA/CE,-6.751955,-38.963402,-,-,2417587.11,-,-,-,-,-,-,-,-,-,-,0,0,0,0.0,-,-,-,-,-,-
952814,2023,2023-12-26 00:00:00,2027,2027-12-26 00:00:00,CE,JAGUARETAMA/CE,-5.609242,-38.763008,-,-,4893885.13,-,-,-,-,-,-,-,-,-,-,0,0,0,0.0,-,-,-,-,-,-
952995,2023,2023-12-28 00:00:00,2027,2027-12-28 00:00:00,CE,ARACOIABA/CE,-4.370258,-38.808431,-,-,4790719.0,-,-,-,-,-,-,-,-,-,-,0,0,0,0.0,-,-,-,-,-,-
953288,2023,2023-12-27 00:00:00,2027,2027-12-27 00:00:00,CE,QUITERIANOPOLIS/CE,-5.845812,-40.702181,-,0.1422419659066297,8153409.0,-,-,-,-,-,-,-,-,-,-,0,0,0,3255363.6,-,-,-,-,-,-
953301,2023,2023-12-27 00:00:00,2027,2027-12-27 00:00:00,CE,NOVO ORIENTE/CE,-5.535034,-40.77489,-,-,4800919.0,-,-,-,-,-,-,-,-,-,-,0,0,0,0.0,-,-,-,-,-,-
953303,2023,2023-12-28 00:00:00,2026,2026-12-28 00:00:00,CE,SABOEIRO/CE,-6.539564,-39.90478,-,-,1443214.0,-,-,-,-,-,-,-,-,-,-,0,0,0,0.0,-,-,-,-,-,-
953613,2023,2023-12-31 00:00:00,2027,2027-12-31 00:00:00,CE,QUIXADA/CE,-4.970602,-39.01584,-,-,9720191.0,-,-,-,-,-,-,-,-,-,-,0,0,0,0.0,-,-,-,-,-,-
954060,2023,2023-12-31 00:00:00,2026,2026-12-31 00:00:00,CE,IBIAPINA/CE,-3.922879,-40.88903,-,-,481604.0,-,-,-,-,-,-,-,-,-,-,0,0,0,0.0,-,-,-,-,-,-
954108,2024,2024-02-26 00:00:00,2028,2028-02-26 00:00:00,CE,CRATEUS/CE,-5.178245,-40.669655,-,-,9117428.0,-,-,-,-,-,-,-,-,-,-,0,0,0,0.0,-,-,-,-,-,-
954327,2023,2023-12-30 00:00:00,2027,2027-12-30 00:00:00,CE,PARAMBU/CE,-6.212386,-40.695498,-,-,1922356.0,-,-,-,-,-,-,-,-,-,-,0,0,0,0.0,-,-,-,-,-,-
954608,2023,2023-12-30 00:00:00,2027,2027-12-30 00:00:00,CE,VARZEA ALEGRE/CE,-6.793609,-39.298933,-,-,3355000.0,-,-,-,-,-,-,-,-,-,-,0,0,0,0.0,-,-,-,-,-,-
954610,2023,2023-12-31 00:00:00,2026,2026-12-31 00:00:00,CE,PIRES FERREIRA/CE,-4.245318,-40.64375,-,-,574681.82,-,-,-,-,-,-,-,-,-,-,0,0,0,0.0,-,-,-,-,-,-
954653,2023,2023-12-31 00:00:00,2027,2027-12-31 00:00:00,CE,HORIZONTE/CE,-4.096462,-38.496557,-,-,2192752.39,-,-,-,-,-,-,-,-,-,-,0,0,0,0.0,-,-,-,-,-,-
954670,2023,2023-12-30 00:00:00,2026,2026-12-30 00:00:00,CE,PORTEIRAS/CE,-7.534157,-39.115315,-,0.3586267699284977,1189993.16,-,-,-,-,-,-,-,-,-,-,0,0,0,960019.0,-,-,-,-,-,-
954714,2023,2023-12-31 00:00:00,2027,2027-12-31 00:00:00,CE,GRANJA/CE,-3.121206,-40.828412,-,-,2732749.99,-,-,-,-,-,-,-,-,-,-,0,0,0,0.0,-,-,-,-,-,-
954959,2023,2023-12-30 00:00:00,2026,2026-12-30 00:00:00,CE,MADALENA/CE,-4.854296,-39.576644,-,-,500000.0,-,-,-,-,-,-,-,-,-,-,0,0,0,0.0,-,-,-,-,-,-
954960,2023,2023-12-31 00:00:00,2026,2026-12-31 00:00:00,CE,GUARACIABA DO NORTE/CE,-4.163292,-40.749598,-,-,926801.92,-,-,-,-,-,-,-,-,-,-,0,0,0,0.0,-,-,-,-,-,-
954965,2023,2023-12-31 00:00:00,2026,2026-12-31 00:00:00,CE,IBIAPINA/CE,-3.922879,-40.88903,-,-,560606.03,-,-,-,-,-,-,-,-,-,-,0,0,0,0.0,-,-,-,-,-,-
954967,2023,2023-12-31 00:00:00,2026,2026-12-31 00:00:00,CE,PARACURU/CE,-3.41436,-39.030028,-,-,484104.0,-,-,-,-,-,-,-,-,-,-,0,0,0,0.0,-,-,-,-,-,-
954972,2023,2023-12-30 00:00:00,2027,2027-12-30 00:00:00,CE,ITATIRA/CE,-4.53055,-39.621048,-,0.2333181133869533,2884028.72,-,-,-,-,-,-,-,-,-,-,0,0,0,2870210.0,-,-,-,-,-,-
955089,2023,2023-12-30 00:00:00,2027,2027-12-30 00:00:00,CE,TEJUCUOCA/CE,-3.988427,-39.57974,-,-,3838065.0,-,-,-,-,-,-,-,-,-,-,0,0,0,0.0,-,-,-,-,-,-
955247,2023,2023-12-31 00:00:00,2027,2027-12-31 00:00:00,CE,GRANJA/CE,-3.121206,-40.828412,-,-,4795519.0,-,-,-,-,-,-,-,-,-,-,0,0,0,0.0,-,-,-,-,-,-
955250,2023,2023-12-31 00:00:00,2027,2027-12-31 00:00:00,CE,RUSSAS/CE,-4.935428,-37.978384,-,-,4795919.0,-,-,-,-,-,-,-,-,-,-,0,0,0,0.0,-,-,-,-,-,-
955267,2023,2023-12-31 00:00:00,2026,2026-12-31 00:00:00,CE,URUBURETAMA/CE,-3.62353,-39.50507,-,-,497919.0,-,-,-,-,-,-,-,-,-,-,0,0,0,0.0,-,-,-,-,-,-
955323,2023,2023-12-31 00:00:00,2027,2027-12-31 00:00:00,CE,ARACATI/CE,-4.558259,-37.767894,0.6632000000000001,0.5767331180131249,4052917.12,-,-,-,-,-,-,-,-,-,-,0,0,0,3789784.35,-,-,-,-,-,-
955493,2023,2023-12-31 00:00:00,2027,2027-12-31 00:00:00,CE,JUAZEIRO DO NORTE/CE,-7.215345,-39.315334,-,-,9766694.82,-,-,-,-,-,-,-,-,-,-,0,0,0,0.0,-,-,-,-,-,-
955495,2023,2023-12-31 00:00:00,2027,2027-12-31 00:00:00,CE,MORADA NOVA/CE,-5.10767,-38.372785,-,-,14393191.93,-,-,-,-,-,-,-,-,-,-,0,0,0,0.0,-,-,-,-,-,-
955577,2023,2023-12-31 00:00:00,2027,2027-12-31 00:00:00,CE,NOVA RUSSAS/CE,-4.705168,-40.565519,-,-,7190000.0,-,-,-,-,-,-,-,-,-,-,0,0,0,0.0,-,-,-,-,-,-
955585,2024,2024-02-26 00:00:00,2028,2028-02-26 00:00:00,CE,CRATEUS/CE,-5.178245,-40.669655,-,-,14393250.0,-,-,-,-,-,-,-,-,-,-,0,0,0,0.0,-,-,-,-,-,-
955587,2023,2023-12-31 00:00:00,2027,2027-12-31 00:00:00,CE,RUSSAS/CE,-4.935428,-37.978384,-,-,9595191.0,-,-,-,-,-,-,-,-,-,-,0,0,0,0.0,-,-,-,-,-,-
955590,2023,2023-12-31 00:00:00,2027,2027-12-31 00:00:00,CE,GRANJA/CE,-3.121206,-40.828412,-,-,3835745.0,-,-,-,-,-,-,-,-,-,-,0,0,0,0.0,-,-,-,-,-,-
958574,2024,2024-05-28 00:00:00,2027,2027-05-28 00:00:00,CE,MISSAO VELHA/CE,-7.248491,-39.143484,-,0,960019.0,-,-,-,-,-,-,-,-,-,-,0,0,0,959019.0,-,-,-,-,-,-
961797,2024,2024-06-24 00:00:00,2027,2027-06-24 00:00:00,CE,QUITERIANOPOLIS/CE,-5.845812,-40.702181,-,-,1451714.0,-,-,-,-,-,-,-,-,-,-,0,0,0,0.0,-,-,-,-,-,-
961822,2024,2024-06-27 00:00:00,2027,2027-06-27 00:00:00,CE,GUARAMIRANGA/CE,-4.261578,-38.934011,-,-,636780.0,-,-,-,-,-,-,-,-,-,-,0,0,0,0.0,-,-,-,-,-,-
961830,2024,2024-12-17 00:00:00,2027,2027-12-17 00:00:00,CE,SANTANA DO ACARAU/CE,-3.459649,-40.209099,-,-,969619.19,-,-,-,-,-,-,-,-,-,-,0,0,0,0.0,-,-,-,-,-,-
962798,2024,2024-06-27 00:00:00,2028,2028-06-27 00:00:00,CE,POTENGI/CE,-7.09152,-40.026824,-,-,836000.0,-,-,-,-,-,-,-,-,-,-,0,0,0,0.0,-,-,-,-,-,-
964461,2024,2024-07-18 00:00:00,2028,2028-07-18 00:00:00,CE,CARIRIACU/CE,-7.041705,-39.283553,-,-,962000.0,-,-,-,-,-,-,-,-,-,-,0,0,0,0.0,-,-,-,-,-,-
964489,2024,2024-07-18 00:00:00,2028,2028-07-18 00:00:00,CE,TAUA/CE,-6.003137,-40.294727,-,-,1080000.0,-,-,-,-,-,-,-,-,-,-,0,0,0,0.0,-,-,-,-,-,-
964684,2024,2024-07-31 00:00:00,2028,2028-07-31 00:00:00,CE,MULUNGU/CE,-4.305233,-38.995779,-,-,852990.59,-,-,-,-,-,-,-,-,-,-,0,0,0,0.0,-,-,-,-,-,-
965208,2024,2024-07-18 00:00:00,2028,2028-07-18 00:00:00,CE,AMONTADA/CE,-3.363459,-39.828479,-,-,481604.0,-,-,-,-,-,-,-,-,-,-,0,0,0,0.0,-,-,-,-,-,-
965732,2024,2024-08-02 00:00:00,2030,2030-08-02 00:00:00,CE,FORTALEZA/CE,-3.730451,-38.521799,-,-,83092515.0,-,-,-,-,-,-,-,-,-,-,0,0,0,0.0,-,-,-,-,-,-
965738,2024,2024-08-02 00:00:00,2029,2029-08-02 00:00:00,CE,MARANGUAPE/CE,-3.892297,-38.683543,-,-,37933540.0,-,-,-,-,-,-,-,-,-,-,0,0,0,0.0,-,-,-,-,-,-
965779,2024,2024-07-31 00:00:00,2028,2028-07-31 00:00:00,CE,BOA VIAGEM/CE,-5.126188,-39.730005,-,-,5075536.32,-,-,-,-,-,-,-,-,-,-,0,0,0,0.0,-,-,-,-,-,-
965792,2024,2024-07-23 00:00:00,2028,2028-07-23 00:00:00,CE,NOVA RUSSAS/CE,-4.705168,-40.565519,-,-,4791000.0,-,-,-,-,-,-,-,-,-,-,0,0,0,0.0,-,-,-,-,-,-
965793,2024,2024-07-23 00:00:00,2028,2028-07-23 00:00:00,CE,ASSARE/CE,-6.874679,-39.874139,-,-,2875000.0,-,-,-,-,-,-,-,-,-,-,0,0,0,0.0,-,-,-,-,-,-
966563,2024,2024-09-03 00:00:00,2028,2028-09-03 00:00:00,CE,PARAIPABA/CE,-3.437987,-39.147868,-,-,835990.59,-,-,-,-,-,-,-,-,-,-,0,0,0,0.0,-,-,-,-,-,-
966722,2024,2024-09-12 00:00:00,2028,2028-09-12 00:00:00,CE,FORTALEZA/CE,-3.730451,-38.521799,-,-,6041021.01,-,-,-,-,-,-,-,-,-,-,0,0,0,0.0,-,-,-,-,-,-
966725,2024,2024-09-12 00:00:00,2028,2028-09-12 00:00:00,CE,FORTALEZA/CE,-3.730451,-38.521799,-,-,5559622.59,-,-,-,-,-,-,-,-,-,-,0,0,0,0.0,-,-,-,-,-,-
966726,2024,2024-09-12 00:00:00,2028,2028-09-12 00:00:00,CE,FORTALEZA/CE,-3.730451,-38.521799,-,-,3219663.7,-,-,-,-,-,-,-,-,-,-,0,0,0,0.0,-,-,-,-,-,-
966727,2024,2024-09-12 00:00:00,2028,2028-09-12 00:00:00,CE,FORTALEZA/CE,-3.730451,-38.521799,-,-,3047787.13,-,-,-,-,-,-,-,-,-,-,0,0,0,0.0,-,-,-,-,-,-
966729,2024,2024-09-12 00:00:00,2028,2028-09-12 00:00:00,CE,FORTALEZA/CE,-3.730451,-38.521799,-,-,2412792.74,-,-,-,-,-,-,-,-,-,-,0,0,0,0.0,-,-,-,-,-,-
966730,2024,2024-09-12 00:00:00,2027,2027-09-12 00:00:00,CE,FORTALEZA/CE,-3.730451,-38.521799,-,-,574556.07,-,-,-,-,-,-,-,-,-,-,0,0,0,0.0,-,-,-,-,-,-
966731,2024,2024-09-12 00:00:00,2027,2027-09-12 00:00:00,CE,FORTALEZA/CE,-3.730451,-38.521799,-,-,571873.04,-,-,-,-,-,-,-,-,-,-,0,0,0,0.0,-,-,-,-,-,-
966733,2024,2024-09-12 00:00:00,2027,2027-09-12 00:00:00,CE,FORTALEZA/CE,-3.730451,-38.521799,-,-,568295.67,-,-,-,-,-,-,-,-,-,-,0,0,0,0.0,-,-,-,-,-,-
966736,2024,2024-09-12 00:00:00,2027,2027-09-12 00:00:00,CE,FORTALEZA/CE,-3.730451,-38.521799,-,-,564718.29,-,-,-,-,-,-,-,-,-,-,0,0,0,0.0,-,-,-,-,-,-
966737,2024,2024-09-12 00:00:00,2028,2028-09-12 00:00:00,CE,FORTALEZA/CE,-3.730451,-38.521799,-,-,4581132.73,-,-,-,-,-,-,-,-,-,-,0,0,0,0.0,-,-,-,-,-,-
966738,2024,2024-09-12 00:00:00,2028,2028-09-12 00:00:00,CE,FORTALEZA/CE,-3.730451,-38.521799,-,-,2555086.01,-,-,-,-,-,-,-,-,-,-,0,0,0,0.0,-,-,-,-,-,-
966740,2024,2024-09-12 00:00:00,2027,2027-09-12 00:00:00,CE,FORTALEZA/CE,-3.730451,-38.521799,-,-,1191146.28,-,-,-,-,-,-,-,-,-,-,0,0,0,0.0,-,-,-,-,-,-
966788,2024,2024-12-31 00:00:00,2027,2027-12-31 00:00:00,CE,BOA VIAGEM/CE,-5.126188,-39.730005,-,-,642143.0,-,-,-,-,-,-,-,-,-,-,0,0,0,0.0,-,-,-,-,-,-
966811,2024,2024-12-31 00:00:00,2027,2027-12-31 00:00:00,CE,VARZEA ALEGRE/CE,-6.793609,-39.298933,-,-,962000.0,-,-,-,-,-,-,-,-,-,-,0,0,0,0.0,-,-,-,-,-,-
967112,2024,2024-09-12 00:00:00,2027,2027-09-12 00:00:00,CE,FORTALEZA/CE,-3.730451,-38.521799,-,-,673609.22,-,-,-,-,-,-,-,-,-,-,0,0,0,0.0,-,-,-,-,-,-
967113,2024,2024-09-12 00:00:00,2027,2027-09-12 00:00:00,CE,FORTALEZA/CE,-3.730451,-38.521799,-,-,1010413.83,-,-,-,-,-,-,-,-,-,-,0,0,0,0.0,-,-,-,-,-,-
967149,2024,2024-09-12 00:00:00,2027,2027-09-12 00:00:00,CE,FORTALEZA/CE,-3.730451,-38.521799,-,-,1344688.82,-,-,-,-,-,-,-,-,-,-,0,0,0,0.0,-,-,-,-,-,-
967150,2024,2024-09-12 00:00:00,2027,2027-09-12 00:00:00,CE,FORTALEZA/CE,-3.730451,-38.521799,-,-,754269.41,-,-,-,-,-,-,-,-,-,-,0,0,0,0.0,-,-,-,-,-,-
967151,2024,2024-09-12 00:00:00,2027,2027-09-12 00:00:00,CE,FORTALEZA/CE,-3.730451,-38.521799,-,-,750010.02,-,-,-,-,-,-,-,-,-,-,0,0,0,0.0,-,-,-,-,-,-
967152,2024,2024-09-12 00:00:00,2027,2027-09-12 00:00:00,CE,FORTALEZA/CE,-3.730451,-38.521799,-,-,585288.2,-,-,-,-,-,-,-,-,-,-,0,0,0,0.0,-,-,-,-,-,-
967153,2024,2024-09-12 00:00:00,2027,2027-09-12 00:00:00,CE,FORTALEZA/CE,-3.730451,-38.521799,-,-,579262.64,-,-,-,-,-,-,-,-,-,-,0,0,0,0.0,-,-,-,-,-,-
967154,2024,2024-09-13 00:00:00,2028,2028-09-13 00:00:00,CE,FORTALEZA/CE,-3.730451,-38.521799,-,-,2020827.65,-,-,-,-,-,-,-,-,-,-,0,0,0,0.0,-,-,-,-,-,-
967155,2024,2024-09-13 00:00:00,2028,2028-09-13 00:00:00,CE,FORTALEZA/CE,-3.730451,-38.521799,-,-,1684023.05,-,-,-,-,-,-,-,-,-,-,0,0,0,0.0,-,-,-,-,-,-
967156,2024,2024-09-13 00:00:00,2027,2027-09-13 00:00:00,CE,FORTALEZA/CE,-3.730451,-38.521799,-,-,673609.22,-,-,-,-,-,-,-,-,-,-,0,0,0,0.0,-,-,-,-,-,-
967157,2024,2024-09-13 00:00:00,2027,2027-09-13 00:00:00,CE,FORTALEZA/CE,-3.730451,-38.521799,-,-,673609.22,-,-,-,-,-,-,-,-,-,-,0,0,0,0.0,-,-,-,-,-,-
967158,2024,2024-09-13 00:00:00,2027,2027-09-13 00:00:00,CE,FORTALEZA/CE,-3.730451,-38.521799,-,-,673609.22,-,-,-,-,-,-,-,-,-,-,0,0,0,0.0,-,-,-,-,-,-
967159,2024,2024-09-13 00:00:00,2027,2027-09-13 00:00:00,CE,FORTALEZA/CE,-3.730451,-38.521799,-,-,1347218.44,-,-,-,-,-,-,-,-,-,-,0,0,0,0.0,-,-,-,-,-,-
967160,2024,2024-09-13 00:00:00,2027,2027-09-13 00:00:00,CE,FORTALEZA/CE,-3.730451,-38.521799,-,-,1010413.83,-,-,-,-,-,-,-,-,-,-,0,0,0,0.0,-,-,-,-,-,-
967161,2024,2024-09-13 00:00:00,2027,2027-09-13 00:00:00,CE,FORTALEZA/CE,-3.730451,-38.521799,-,-,1347218.44,-,-,-,-,-,-,-,-,-,-,0,0,0,0.0,-,-,-,-,-,-
967162,2024,2024-09-13 00:00:00,2027,2027-09-13 00:00:00,CE,FORTALEZA/CE,-3.730451,-38.521799,-,-,1010413.83,-,-,-,-,-,-,-,-,-,-,0,0,0,0.0,-,-,-,-,-,-
967163,2024,2024-09-12 00:00:00,2027,2027-09-12 00:00:00,CE,FORTALEZA/CE,-3.730451,-38.521799,-,-,673609.22,-,-,-,-,-,-,-,-,-,-,0,0,0,0.0,-,-,-,-,-,-
967164,2024,2024-09-12 00:00:00,2027,2027-09-12 00:00:00,CE,FORTALEZA/CE,-3.730451,-38.521799,-,-,673609.22,-,-,-,-,-,-,-,-,-,-,0,0,0,0.0,-,-,-,-,-,-
967167,2024,2024-09-12 00:00:00,2027,2027-09-12 00:00:00,CE,FORTALEZA/CE,-3.730451,-38.521799,-,-,673609.22,-,-,-,-,-,-,-,-,-,-,0,0,0,0.0,-,-,-,-,-,-
968248,2024,2024-10-14 00:00:00,2028,2028-10-14 00:00:00,CE,VARZEA ALEGRE/CE,-6.793609,-39.298933,-,-,12380113.17,-,-,-,-,-,-,-,-,-,-,0,0,0,0.0,-,-,-,-,-,-
968298,2024,2024-11-21 00:00:00,2028,2028-09-30 00:00:00,CE,RUSSAS/CE,-4.935428,-37.978384,-,-,2455867.0,-,-,-,-,-,-,-,-,-,-,0,0,0,0.0,-,-,-,-,-,-
968300,2024,2024-11-19 00:00:00,2028,2028-11-19 00:00:00,CE,QUITERIANOPOLIS/CE,-5.845812,-40.702181,-,-,2475623.24,-,-,-,-,-,-,-,-,-,-,0,0,0,0.0,-,-,-,-,-,-
968312,2024,2024-10-11 00:00:00,2027,2027-10-11 00:00:00,CE,MORRINHOS/CE,-3.227575,-40.128078,-,-,481704.0,-,-,-,-,-,-,-,-,-,-,0,0,0,0.0,-,-,-,-,-,-
968550,2024,2024-10-17 00:00:00,2029,2029-10-17 00:00:00,CE,ITAPIPOCA/CE,-3.496059,-39.58192,-,-,154180182.71,-,-,-,-,-,-,-,-,-,-,0,0,0,0.0,-,-,-,-,-,-
968561,2024,2024-10-18 00:00:00,2029,2029-10-18 00:00:00,CE,SOBRAL/CE,-3.687914,-40.345637,-,-,52948509.9,-,-,-,-,-,-,-,-,-,-,0,0,0,0.0,-,-,-,-,-,-
968567,2024,2024-10-30 00:00:00,2029,2029-10-30 00:00:00,CE,FORTALEZA/CE,-3.730451,-38.521799,-,-,31198565.36,-,-,-,-,-,-,-,-,-,-,0,0,0,0.0,-,-,-,-,-,-
968572,2024,2024-10-30 00:00:00,2029,2029-10-30 00:00:00,CE,FORTALEZA/CE,-3.730451,-38.521799,-,-,43044169.14,-,-,-,-,-,-,-,-,-,-,0,0,0,0.0,-,-,-,-,-,-
968600,2024,2024-10-30 00:00:00,2029,2029-10-30 00:00:00,CE,FORTALEZA/CE,-3.730451,-38.521799,-,-,97338084.05,-,-,-,-,-,-,-,-,-,-,0,0,0,0.0,-,-,-,-,-,-
968605,2024,2024-10-30 00:00:00,2029,2029-10-30 00:00:00,CE,FORTALEZA/CE,-3.730451,-38.521799,-,-,50319762.42,-,-,-,-,-,-,-,-,-,-,0,0,0,0.0,-,-,-,-,-,-
968615,2024,2024-10-18 00:00:00,2028,2028-09-30 00:00:00,CE,SOBRAL/CE,-3.687914,-40.345637,-,-,7048569.95,-,-,-,-,-,-,-,-,-,-,0,0,0,0.0,-,-,-,-,-,-
968619,2024,2024-10-25 00:00:00,2027,2027-10-25 00:00:00,CE,CANINDE/CE,-4.354795,-39.310852,-,-,5132755.78,-,-,-,-,-,-,-,-,-,-,0,0,0,0.0,-,-,-,-,-,-
968729,2024,2024-10-25 00:00:00,2028,2028-09-30 00:00:00,CE,AMONTADA/CE,-3.363459,-39.828479,-,-,22439152.46,-,-,-,-,-,-,-,-,-,-,0,0,0,0.0,-,-,-,-,-,-
969056,2024,2024-11-07 00:00:00,2028,2028-09-30 00:00:00,CE,SOBRAL/CE,-3.687914,-40.345637,-,-,9540050.23,-,-,-,-,-,-,-,-,-,-,0,0,0,0.0,-,-,-,-,-,-
969058,2024,2024-11-12 00:00:00,2029,2029-04-02 00:00:00,CE,CRATO/CE,-7.236911,-39.414924,-,-,29419492.31,-,-,-,-,-,-,-,-,-,-,0,0,0,0.0,-,-,-,-,-,-
969115,2024,2024-11-08 00:00:00,2030,2030-09-30 00:00:00,CE,IRAUCUBA/CE,-3.746683,-39.78409,-,-,20374688.47,-,-,-,-,-,-,-,-,-,-,0,0,0,0.0,-,-,-,-,-,-
969116,2024,2024-11-08 00:00:00,2030,2030-09-30 00:00:00,CE,GENERAL SAMPAIO/CE,-4.051764,-39.450927,-,-,28112612.02,-,-,-,-,-,-,-,-,-,-,0,0,0,0.0,-,-,-,-,-,-
969117,2024,2024-11-08 00:00:00,2027,2027-11-08 00:00:00,CE,QUIXERAMOBIM/CE,-5.198355,-39.295557,-,-,1005834.5,-,-,-,-,-,-,-,-,-,-,0,0,0,0.0,-,-,-,-,-,-
969118,2024,2024-11-07 00:00:00,2028,2028-09-30 00:00:00,CE,IPAPORANGA/CE,-4.903227,-40.760079,-,-,8017301.87,-,-,-,-,-,-,-,-,-,-,0,0,0,0.0,-,-,-,-,-,-
969138,2024,2024-11-12 00:00:00,2029,2029-04-02 00:00:00,CE,CRATO/CE,-7.236911,-39.414924,-,-,465000.0,-,-,-,-,-,-,-,-,-,-,0,0,0,0.0,-,-,-,-,-,-
969251,2024,2024-11-18 00:00:00,2029,2029-11-18 00:00:00,CE,FORTALEZA/CE,-3.730451,-38.521799,-,-,82466982.12,-,-,-,-,-,-,-,-,-,-,0,0,0,0.0,-,-,-,-,-,-
969259,2024,2024-11-26 00:00:00,2028,2028-11-26 00:00:00,CE,AIUABA/CE,-6.571084,-40.121228,-,-,6660684.42,-,-,-,-,-,-,-,-,-,-,0,0,0,0.0,-,-,-,-,-,-
969346,2024,2024-11-29 00:00:00,2029,2029-11-29 00:00:00,CE,FORTALEZA/CE,-3.730451,-38.521799,-,-,76132078.76,-,-,-,-,-,-,-,-,-,-,0,0,0,0.0,-,-,-,-,-,-
970280,2024,2024-12-18 00:00:00,2028,2028-09-30 00:00:00,CE,ALTO SANTO/CE,-5.519037,-38.271935,-,-,3250000.0,-,-,-,-,-,-,-,-,-,-,0,0,0,0.0,-,-,-,-,-,-
970281,2024,2024-12-17 00:00:00,2028,2028-09-30 00:00:00,CE,BATURITE/CE,-4.32902,-38.882106,-,-,6500000.0,-,-,-,-,-,-,-,-,-,-,0,0,0,0.0,-,-,-,-,-,-
970282,2024,2024-12-18 00:00:00,2028,2028-09-30 00:00:00,CE,GENERAL SAMPAIO/CE,-4.051764,-39.450927,-,-,3250000.0,-,-,-,-,-,-,-,-,-,-,0,0,0,0.0,-,-,-,-,-,-
970283,2024,2024-12-13 00:00:00,2028,2028-09-30 00:00:00,CE,IPAPORANGA/CE,-4.903227,-40.760079,-,-,3250000.0,-,-,-,-,-,-,-,-,-,-,0,0,0,0.0,-,-,-,-,-,-
970284,2024,2024-12-17 00:00:00,2028,2028-09-30 00:00:00,CE,PALHANO/CE,-4.744941,-37.96084,-,-,3250000.0,-,-,-,-,-,-,-,-,-,-,0,0,0,0.0,-,-,-,-,-,-
970493,2024,2024-12-12 00:00:00,2029,2029-04-10 00:00:00,CE,BARRO/CE,-7.171359,-38.774214,-,-,3250000.0,-,-,-,-,-,-,-,-,-,-,0,0,0,0.0,-,-,-,-,-,-
970494,2024,2024-12-12 00:00:00,2028,2028-09-30 00:00:00,CE,COREAU/CE,-3.551979,-40.652841,-,-,3250000.0,-,-,-,-,-,-,-,-,-,-,0,0,0,0.0,-,-,-,-,-,-
970496,2024,2024-12-19 00:00:00,2028,2028-09-30 00:00:00,CE,IBICUITINGA/CE,-4.975176,-38.636875,-,-,3250000.0,-,-,-,-,-,-,-,-,-,-,0,0,0,0.0,-,-,-,-,-,-
970497,2024,2024-12-20 00:00:00,2028,2028-09-30 00:00:00,CE,ICAPUI/CE,-4.715847,-37.353536,-,-,3250000.0,-,-,-,-,-,-,-,-,-,-,0,0,0,0.0,-,-,-,-,-,-
970498,2024,2024-12-26 00:00:00,2028,2028-09-30 00:00:00,CE,JIJOCA DE JERICOACOARA/CE,-2.898628,-40.450608,-,-,3250000.0,-,-,-,-,-,-,-,-,-,-,0,0,0,0.0,-,-,-,-,-,-
970499,2024,2024-12-16 00:00:00,2029,2029-04-16 00:00:00,CE,MOMBACA/CE,-5.74509,-39.629352,-,-,6500000.0,-,-,-,-,-,-,-,-,-,-,0,0,0,0.0,-,-,-,-,-,-
970500,2024,2024-12-17 00:00:00,2028,2028-09-30 00:00:00,CE,PARAMOTI/CE,-4.096446,-39.239041,-,-,3250000.0,-,-,-,-,-,-,-,-,-,-,0,0,0,0.0,-,-,-,-,-,-
970501,2024,2024-12-12 00:00:00,2028,2028-09-30 00:00:00,CE,SAO JOAO DO JAGUARIBE/CE,-5.271944,-38.271993,-,-,3250000.0,-,-,-,-,-,-,-,-,-,-,0,0,0,0.0,-,-,-,-,-,-
970502,2024,2024-12-26 00:00:00,2028,2028-09-30 00:00:00,CE,TEJUCUOCA/CE,-3.988427,-39.57974,-,-,3250000.0,-,-,-,-,-,-,-,-,-,-,0,0,0,0.0,-,-,-,-,-,-
970646,2024,2024-12-20 00:00:00,2029,2029-12-20 00:00:00,CE,FORTALEZA/CE,-3.730451,-38.521799,-,-,1000000000.0,-,-,-,-,-,-,-,-,-,-,0,0,0,0.0,-,-,-,-,-,-
970739,2024,2024-12-12 00:00:00,2028,2028-09-30 00:00:00,CE,CARIRE/CE,-3.948584,-40.476028,-,-,3250000.0,-,-,-,-,-,-,-,-,-,-,0,0,0,0.0,-,-,-,-,-,-
970740,2024,2024-12-16 00:00:00,2029,2029-04-16 00:00:00,CE,CEDRO/CE,30.360257,-97.78199,-,-,3282500.0,-,-,-,-,-,-,-,-,-,-,0,0,0,0.0,-,-,-,-,-,-
970741,2024,2024-12-12 00:00:00,2029,2029-05-12 00:00:00,CE,FARIAS BRITO/CE,-6.927282,-39.571422,-,-,3250000.0,-,-,-,-,-,-,-,-,-,-,0,0,0,0.0,-,-,-,-,-,-
970742,2024,2024-12-12 00:00:00,2028,2028-09-30 00:00:00,CE,IPUEIRAS/CE,-4.542714,-40.716846,-,-,6500000.0,-,-,-,-,-,-,-,-,-,-,0,0,0,0.0,-,-,-,-,-,-
970743,2024,2024-12-18 00:00:00,2028,2028-09-30 00:00:00,CE,ITAPAGE/CE,-3.667709,-39.591776,-,-,3250000.0,-,-,-,-,-,-,-,-,-,-,0,0,0,0.0,-,-,-,-,-,-
970744,2024,2024-12-17 00:00:00,2028,2028-09-30 00:00:00,CE,MULUNGU/CE,-4.305233,-38.995779,-,-,3250000.0,-,-,-,-,-,-,-,-,-,-,0,0,0,0.0,-,-,-,-,-,-
970745,2024,2024-12-27 00:00:00,2028,2028-09-30 00:00:00,CE,TABULEIRO DO NORTE/CE,-5.244086,-38.128461,-,-,6500000.0,-,-,-,-,-,-,-,-,-,-,0,0,0,0.0,-,-,-,-,-,-
970746,2024,2024-12-24 00:00:00,2029,2029-04-22 00:00:00,CE,TARRAFAS/CE,-6.68199,-39.757571,-,-,3250000.0,-,-,-,-,-,-,-,-,-,-,0,0,0,0.0,-,-,-,-,-,-
970747,2024,2024-12-26 00:00:00,2028,2028-09-30 00:00:00,CE,UMIRIM/CE,-3.677774,-39.348725,-,-,3250000.0,-,-,-,-,-,-,-,-,-,-,0,0,0,0.0,-,-,-,-,-,-
971942,2024,2024-12-31 00:00:00,2028,2028-09-30 00:00:00,CE,LIMOEIRO DO NORTE/CE,-5.145561,-38.098494,-,-,1931672.73,-,-,-,-,-,-,-,-,-,-,0,0,0,0.0,-,-,-,-,-,-
971943,2024,2024-12-31 00:00:00,2029,2029-04-02 00:00:00,CE,QUITERIANOPOLIS/CE,-5.845812,-40.702181,-,-,4800919.0,-,-,-,-,-,-,-,-,-,-,0,0,0,0.0,-,-,-,-,-,-
971966,2024,2024-12-31 00:00:00,2028,2028-09-30 00:00:00,CE,GUAIUBA/CE,-4.041266,-38.636908,-,-,482104.0,-,-,-,-,-,-,-,-,-,-,0,0,0,0.0,-,-,-,-,-,-
972334,2024,2024-12-30 00:00:00,2027,2027-12-30 00:00:00,CE,PEDRA BRANCA/CE,-5.455674,-39.716629,-,-,768341.0,-,-,-,-,-,-,-,-,-,-,0,0,0,0.0,-,-,-,-,-,-
